,Unnamed: 0,KIC,source_id_vansaders,plx,plxe,g_final,g_final_err,g_prov_final,r_final,r_final_err,r_prov_final,Jmag,e_Jmag,Hmag,e_Hmag,Kmag,e_Kmag,[Fe/H]i,n_[Fe/H]i,_RA,_DE,AMP_mass,AMP_mass_err,AMP_age,AMP_age_err,AMP_logg,AMP_ZAMS_teff,BASTA_mass,BASTA_mass_err,BASTA_age,BASTA_age_err,BASTA_ZAMS_teff,teff_vansaders,teff_err,feh_vansaders,feh_err,period,period_err,note,designation,source_id_kic,gaia_ref_epoch,ra,ra_error,dec,dec_error,parallax,parallax_error,parallax_over_error,pmra,pmra_error,pmdec,pmdec_error,ra_dec_corr,ra_parallax_corr,ra_pmra_corr,ra_pmdec_corr,dec_parallax_corr,dec_pmra_corr,dec_pmdec_corr,parallax_pmra_corr,parallax_pmdec_corr,pmra_pmdec_corr,astrometric_chi2_al,astrometric_excess_noise,astrometric_excess_noise_sig,astrometric_primary_flag,duplicated_source,phot_g_mean_flux,phot_g_mean_flux_error,phot_g_mean_mag,phot_bp_mean_flux,phot_bp_mean_flux_error,phot_bp_mean_mag,phot_rp_mean_flux,phot_rp_mean_flux_error,phot_rp_mean_mag,bp_rp,bp_g,g_rp,radial_velocity,radial_velocity_error,phot_variable_flag,l,b,ecl_lon,ecl_lat,teff_val,teff_percentile_lower,teff_percentile_upper,a_g_val,a_g_percentile_lower,a_g_percentile_upper,e_bp_min_rp_val,e_bp_min_rp_percentile_lower,e_bp_min_rp_percentile_upper,radius_val,radius_percentile_lower,radius_percentile_upper,lum_val,lum_percentile_lower,lum_percentile_upper,kepid,ra_kic,dec_kic,r_est,r_lo,r_hi,r_length_prior,r_result_flag,r_modality_flag,tm_designation,kepmag,teff_kic,teff_err1,teff_err2,teff_prov,logg,logg_err1,logg_err2,logg_prov,feh_kic,feh_err1,feh_err2,feh_prov,radius,radius_err1,radius_err2,mass,mass_err1,mass_err2,prov_sec,nconfp,nkoi,ntce,jmag,hmag,kmag,planet?,kepler_gaia_ang_dist,KIC_chaplin,S,numax,e_numax,Dnu,e_Dnu,T(SDSS),e_T(SDSS),T(IRFM),e_T(IRFM),[Fe/H],e_[Fe/H],KICdata,Simbad,_RA_chaplin,_DE_chaplin,G,bp,rp,G_err,bp_err,rp_err,Av,Av_errp,Av_errm,Av_std,eep,Ro,sigma
0,0,3427720,2.0999854028153687e+18,0.010687899999999998,2.63e-05,9.3961558,0.0328329173511,g_kic_fixed,9.0272348,0.0358292240138,r_kic_fixed,8.094,0.02,7.843,0.016,7.826,0.017,-0.06,SPE,286.4386,38.52293,1.13,0.04,2.23,0.17,4.388,5985,1.12,0.02,2.22,0.31,6019.0,6040,84,-0.03,0.09,13.9,2.1,seismic,Gaia DR2 2099985402815368704,2.0999854028153687e+18,2015.5,286.4382560026279,0.02100619153316355,38.52262835693347,0.02419880055721204,10.657861664233376,0.02632074417220617,404.9225158691406,-60.750438647674905,0.044722768795921186,-70.83935395045181,0.0445468952038209,-0.17157216370105746,-0.15811721980571747,-0.12371660768985747,0.18303553760051727,0.3119827508926392,0.1598425954580307,-0.22056220471858975,-0.05560814961791039,-0.051583144813776016,-0.04471561685204506,469.77252197265625,0.0,0.0,1.0,1.0,4568707.598729983,827.9565406159187,9.0388822555542,2525473.174345465,2647.8352814314226,9.345531463623047,2907134.636760797,2691.8899822671915,8.603257179260254,0.742274284362793,0.3066492080688477,0.4356250762939453,-22.605845889125145,0.3324237764598984,NOT_AVAILABLE,69.37427978183237,13.918077692930606,296.67263524866564,60.448741089987365,5977.0,5878.0,6040.0,0.052000001072883606,0.00559999980032444,0.20010000467300412,0.026000000536441803,0.006599999964237213,0.07989999651908875,1.1694729328155518,1.1452038288116455,1.209198236465454,1.5725630521774292,1.5660393238067627,1.5790867805480957,3427720.0,286.4386,38.52293,93.5739158519492,93.3422833888332,93.80668026618571,889.6813066941729,1.0,1.0,2MASS J19054526+3831225,9.109,6045.0,81.0,-81.0,SPE72,4.378,0.012,-0.012,AST10,-0.04,0.15,-0.15,SPE72,1.092,0.040999999999999995,-0.040999999999999995,1.035,0.079,-0.063,DSEP,0.0,0.0,0.0,8.094,7.843,7.8260000000000005,none,0.02979994038413728,3427720.0,S,2756.0,191.0,119.9,2.0,6023.0,51.0,6107.0,142.0,-0.2,0.3,KICdata,Simbad,286.4386,38.52293,9.0388822555542,9.345531463623047,8.603257179260254,0.0003,0.002,0.002,0.0,0.0,0.0,0.5,344.8492240905762,1.1577719793607126,0.0001096864160666807
1,1,3656476,2.0521845127646305e+18,0.008715299999999999,2.54e-05,9.9014448,0.0289895393676,g_kic_fixed,9.4363172,0.0325153340734,r_kic_fixed,8.382,0.024,8.083,0.023,8.008,0.017,0.25,SPE,294.20331,38.71578,1.17,0.03,8.13,0.59,4.246,5642,1.07,0.01,7.68,0.42,5525.0,5710,84,0.25,0.09,31.7,3.5,seismic,Gaia DR2 2052184512764630272,2.0521845127646305e+18,2015.5,294.2039287839221,0.01973445079945661,38.71591251963522,0.02373735769272138,8.685325993096061,0.02542876594999329,341.5551452636719,97.5713284557043,0.04061028865033303,32.101695689676106,0.04424244189625503,0.07632815837860107,0.1245444267988205,-0.18739648163318634,-0.09907570481300354,0.2373842000961304,-0.14070843160152435,-0.4214040637016296,-0.3200016021728516,-0.10182078927755356,0.010006218217313291,389.8197021484375,0.0,0.0,1.0,0.0,3063748.91831298,592.8402278126537,9.472732543945312,1583874.9832013715,1714.1439090360284,9.852086067199707,2074824.496012923,2285.7624644499456,8.969466209411621,0.8826198577880859,0.3793535232543945,0.5032663345336914,-13.255709092019876,0.3440680888423268,NOT_AVAILABLE,72.25349773124802,8.545938475584201,308.3626235466496,58.9738450238251,5581.5,5496.0,5650.0,0.4165000021457672,0.308899998664856,0.6032999753952026,0.2117999941110611,0.14650000631809235,0.3059999942779541,1.3642832040786743,1.3314028978347778,1.407060980796814,1.6274492740631104,1.6193463802337646,1.635552167892456,3656476.0,294.20331,38.715778,114.755464795587,114.419054216231,115.09382405971701,1951.3031971170603,1.0,1.0,2MASS J19364879+3842568,9.516,5666.0,76.0,-76.0,SPE72,4.224,0.009000000000000001,-0.006999999999999999,AST10,0.26,0.15,-0.15,SPE72,1.2990000000000002,0.055,-0.044000000000000004,1.031,0.09699999999999999,-0.065,DSEP,0.0,0.0,0.0,8.382,8.083,8.008,none,0.2261596157319863,3656476.0,S,1887.0,40.0,93.3,1.3,5684.0,56.0,5738.0,130.0,-0.2,0.3,KICdata,Simbad,294.20331,38.715778,9.472732543945312,9.852086067199707,8.969466209411621,0.0003,0.002,0.002,0.0,0.0,0.0,0.5,1698.6652565002441,2.787191600651327,5.46207091164664
2,2,5184732,2.1014930394180012e+18,0.0144596,3.5600000000000005e-05,8.513602800000001,0.0401932400239,g_kic_fixed,8.068673200000001,0.0441081969802,r_kic_fixed,7.119,0.02,6.893,0.021,6.8210000000000015,0.016,0.36,SPE,291.12637,40.32326,1.27,0.04,4.17,0.4,4.27,5905,1.18,0.02,4.05,0.42,5810.0,5840,84,0.38,0.09,19.8,2.4,seismic,Gaia DR2 2101493039418001536,2.1014930394180012e+18,2015.5,291.1264892725591,0.028640295176503437,40.323067415847724,0.03171327862636331,14.429555943489303,0.035577070177681684,405.5858459472656,6.2905445385470165,0.06558426983425136,-40.54662231904349,0.06059763068057416,-0.04154189676046372,0.10350394248962402,-0.15907905995845795,0.07691813260316849,0.3921208381652832,0.08413145691156387,-0.28236156702041626,-0.04221920296549797,-0.16712422668933868,-0.1562502235174179,329.4731140136719,0.0,1.9850582923754076e-15,1.0,0.0,10285515.067210604,2995.4384994875804,8.157800674438478,5435006.072679766,6514.238278679261,8.513387680053711,6776355.027168073,9562.763113959669,7.68442964553833,0.8289580345153809,0.3555870056152344,0.4733710289001465,15.527053824927828,0.15161031881372028,NOT_AVAILABLE,72.60984984005766,11.390901700752465,304.8200972386452,61.23305173367896,5766.5,5740.0,5790.25,0.4016999900341034,0.1527000069618225,0.7300999760627747,0.19499999284744265,0.06190000101923944,0.3639999926090241,1.399869680404663,1.3884094953536987,1.4128251075744631,1.952176570892334,1.9448604583740237,1.9594926834106443,5184732.0,291.12637,40.323260999999995,69.1640134263914,68.9929633396265,69.33589863184109,1188.94473857364,1.0,1.0,2MASS J19243033+4019237,8.165,5835.0,79.0,-79.0,SPE72,4.257,0.01,-0.008,AST10,0.36,0.1,-0.15,SPE72,1.3259999999999998,0.024,-0.044000000000000004,1.159,0.038,-0.067,DSEP,0.0,0.0,0.0,7.119,6.893,6.821000000000001,none,0.2398281450879124,5184732.0,S,2068.0,47.0,95.7,1.3,5841.0,290.0,5818.0,190.0,-0.2,0.3,KICdata,Simbad,291.12637,40.323261,8.157800674438478,8.513387680053711,7.68442964553833,0.0003,0.002,0.002,0.0,0.0,0.0,0.5,390.64510345458984,1.9822176973661105,0.4999540314897736
3,3,6116048,2.1014798796386836e+18,0.0133973,2.94e-05,8.686419,0.0387037711904,g_kic_fixed,8.3251936,0.0418380234685,r_kic_fixed,7.438,0.044,7.1789999999999985,0.026,7.121,0.017,-0.23,SPE,289.44318,41.41018,1.01,0.03,6.23,0.37,4.27,5838,1.06,0.02,5.54,0.34,5943.0,5935,84,-0.24,0.09,17.3,2.0,seismic,Gaia DR2 2101479879638683392,2.1014798796386836e+18,2015.5,289.44288473735287,0.023221166326751905,41.41055332021363,0.03275317336537533,13.367317527414599,0.029415850253472257,454.4256591796875,-46.68140958052163,0.046922923267908034,74.47744070362144,0.05699064937243298,-0.10281722247600557,-0.03520605340600014,-0.14076094329357147,-0.07113318890333176,0.225377693772316,-0.14029395580291748,-0.40811365842819214,-0.20179763436317444,0.05793764442205429,-0.05703188106417656,357.50567626953125,0.0,0.0,0.0,1.0,8460765.67280219,2585.583135778224,8.369841575622559,4690552.67654636,5518.013447696872,8.673328399658201,5361383.496644043,7458.550042737284,7.938727855682372,0.7346005439758301,0.3034868240356445,0.4311137199401856,-53.17274986971897,0.2342948890482223,NOT_AVAILABLE,73.0546632708302,13.00782405346386,302.90969128298684,62.64598716642618,5980.0,5791.625,6076.5,0.289000004529953,0.14669999480247498,0.3644999861717224,0.1430000066757202,0.08590000122785567,0.17599999904632568,1.2675418853759766,1.227602243423462,1.3513375520706177,1.8510754108428955,1.8444775342941284,1.8576732873916624,6116048.0,289.44318,41.410179,74.64807171278271,74.4832841686848,74.8135770246329,967.7573541565649,1.0,1.0,2MASS J19174635+4124366,8.418,6031.0,72.0,-84.0,SPE72,4.269,0.008,-0.008,AST10,-0.26,0.2,-0.15,SPE72,1.19,0.043,-0.038,0.9590000000000001,0.068,-0.055,DSEP,0.0,0.0,0.0,7.438,7.178999999999999,7.121,none,0.206728031807958,6116048.0,S,2107.0,40.0,100.9,1.4,6072.0,49.0,6024.0,208.0,-0.2,0.3,KICdata,Simbad,289.44318,41.410179,8.369841575622559,8.673328399658201,7.938727855682372,0.0003,0.002,0.002,0.0,0.0,0.0,0.5,409.86454010009766,1.2147727303855356,0.4411365123033791
4,4,6521045,2.1017332440462052e+18,0.0032837,1.88e-05,11.528866,0.020547426228,g_kic_fixed,11.091906,0.0219650511332,r_kic_fixed,10.081,0.021,9.804,0.017,9.768,0.014,0.102,SPE,291.38599,41.99027,1.04,0.02,6.24,0.37,4.118,5933,1.11,0.02,6.5,0.51,5886.0,5825,75,0.02,0.1,25.3,2.8,KOI,Gaia DR2 2101733244046205568,2.1017332440462052e+18,2015.5,291.38612939263993,0.01566982869263179,41.990139448300845,0.0188608685879344,3.2536975819578595,0.018753130168645358,173.50157165527344,19.907733766387448,0.034231450224206844,-28.527040129537873,0.03642800198217695,-0.0224278885871172,0.023475103080272675,-0.15232138335704806,-0.009707912802696228,0.1094360426068306,-0.03084904327988625,-0.3486829698085785,-0.16961687803268433,-0.060756333172321327,-0.005246140528470278,579.255615234375,0.0,0.0,1.0,0.0,666208.4869388973,227.88710181641758,11.129340171813963,356519.1397372203,374.94875078711584,11.47118091583252,441297.8631092864,177.45619460990994,10.650090217590332,0.8210906982421875,0.3418407440185547,0.4792499542236328,-60.44126933806465,0.9413148017384391,NOT_AVAILABLE,74.22763101123299,11.945154283999829,306.307771927046,62.75941312489479,5622.43359375,5511.115234375,5757.25,0.7735000252723694,0.6082000136375427,1.0846999883651731,0.39899998903274536,0.30730000138282776,0.5400999784469604,1.6706578731536863,1.593330979347229,1.738830327987671,2.512852907180786,2.485194683074951,2.540511131286621,6521045.0,291.38599,41.990269,304.6446982925,302.901009987679,306.408216743554,1121.85166625411,1.0,1.0,2MASS J19253263+4159249,11.197000000000001,5788.0,78.0,-78.0,SPE72,4.122,0.033,-0.027000000000000003,AST69,0.1,0.15,-0.15,SPE72,1.474,0.094,-0.079,1.05,0.126,-0.068,DSEP,3.0,3.0,3.0,10.081,9.804,9.767999999999999,conf,0.06881106463199113,,,,,,,,,,,,,,,,,11.129340171813963,11.47118091583252,10.650090217590332,0.0003,0.002,0.002,0.10967999754846096,0.0,0.0,0.5,401.9322395324707,1.8563372070693165,0.00022019396895934734
5,5,7680114,2.126060458508753e+18,0.0058406000000000005,2.33e-05,10.4182344,0.025498985104,g_kic_fixed,9.9781664,0.0284390771758,r_kic_fixed,9.012,0.037000000000000005,8.725,0.024,8.673,0.011,0.05,SPE,290.98502,43.31459,1.13,0.03,7.19,0.7,4.184,5801,,,,,,5855,84,0.11,0.09,26.3,1.9,seismic,Gaia DR2 2126060458508752768,2.126060458508753e+18,2015.5,290.98527476094137,0.01876607842856643,43.314865735591106,0.02642173753888283,5.810567621337406,0.02331128168314272,249.2598876953125,38.403078229287615,0.04108373406105846,63.34105429091095,0.049353490228493085,-0.045476045459508896,0.0692787766456604,-0.1817481219768524,-0.042828168720006936,-0.001378196175210178,-0.040096238255500787,-0.4509636759757996,-0.21210022270679474,-0.09274470061063766,-0.048023108392953866,398.54388427734375,0.0,0.0,0.0,0.0,1846301.0784156532,437.99504656439046,10.02260971069336,988834.7351794778,864.5422551245723,10.36357879638672,1210788.814962259,1383.1242346385486,9.554248809814453,0.8093299865722656,0.3409690856933594,0.4683609008789063,-58.74058711136187,0.4014498793292566,NOT_AVAILABLE,75.31968819044774,12.784155923618062,306.6360499709948,64.10858415075272,5831.75,5754.33349609375,5858.75,0.4760000109672546,0.23330000042915344,0.640999972820282,0.2370000034570694,0.10670000314712524,0.3190999925136566,1.4373235702514648,1.4241063594818115,1.4762580394744873,2.1527788639068604,2.1376149654388428,2.1679427623748784,7680114.0,290.98502,43.31459,171.25055436698798,170.56448213489202,171.942069216986,1018.02748925321,1.0,1.0,2MASS J19235640+4318525,10.066,5796.0,87.0,-69.0,SPE72,4.178,0.01,-0.01,AST10,0.06,0.15,-0.15,SPE72,1.36,0.069,-0.048,1.0170000000000001,0.09300000000000001,-0.067,DSEP,0.0,0.0,0.0,9.012,8.725,8.673,none,0.07287898020790998,7680114.0,S,1684.0,47.0,85.1,1.3,5800.0,56.0,5955.0,142.0,-0.2,0.3,KICdata,Simbad,290.98502,43.31459,10.02260971069336,10.36357879638672,9.554248809814453,0.0003,0.002,0.002,0.2056499979570508,0.009322798055112352,0.009322798055112352,0.009322798055112352,459.9580192565918,2.190604536488255,3.840632577128075
6,6,8006161,2.117279002732679e+18,0.0370083,3.18e-05,7.8820228,0.045779620159800014,g_kic_fixed,7.219495200000001,0.0518200985553,r_kic_fixed,6.087999999999999,0.021,5.751,0.016,5.67,0.021,0.34,SPE,281.14645,43.83331,1.04,0.02,5.04,0.17,4.502,5165,0.948,0.005,5.08,0.1,5250.0,5390,84,0.34,0.09,29.8,3.1,seismic,Gaia DR2 2117279002732678656,2.117279002732679e+18,2015.5,281.1456996377499,0.025915916700741545,43.83326685548803,0.028334983109330088,36.97834276367315,0.031765990131585896,1164.0859375,-105.63079869197959,0.05427177060476495,-1.8332971972480263,0.058692506044194674,-0.03100074082612992,0.007787429727613927,-0.01085128728300333,-0.12364303320646285,0.346779465675354,-0.19399510324001312,-0.18014194071292874,-0.3113709092140198,-0.1649198979139328,-0.10679014027118684,351.4937438964844,0.0,0.0,1.0,0.0,22396226.151775587,4608.467167803318,7.312928676605225,10986594.162263278,15162.797893558101,7.74923038482666,15759832.720195893,44013.93098996864,6.768041133880615,0.9811892509460448,0.4363017082214356,0.5448875427246094,-45.575828408694846,0.1395165345561966,NOT_AVAILABLE,73.00245711097105,19.572365759586553,290.4542241809894,66.48290188140328,5276.66650390625,5187.0,5375.0,0.17630000412464142,0.016899999231100082,0.382999986410141,0.08169999718666078,0.0052999998442828655,0.20999999344348907,0.986527979373932,0.9507619142532348,1.020930528640747,0.6797545552253723,0.6788258552551271,0.6806832551956177,8006161.0,281.14645,43.833309,27.021703684374103,26.9983548029051,27.0450922687638,854.633292542113,1.0,1.0,2MASS J18443514+4349599,7.364,5478.0,73.0,-82.0,SPE72,4.487,0.009000000000000001,-0.011000000000000001,AST10,0.32,0.1,-0.15,SPE72,0.943,0.02,-0.026000000000000002,0.993,0.036000000000000004,-0.051,DSEP,0.0,0.0,0.0,6.087999999999999,5.751,5.67,none,0.334902049459767,8006161.0,S,3481.0,133.0,149.3,1.8,5264.0,104.0,5354.0,130.0,-0.2,0.3,KICdata,Simbad,281.14645,43.833309,7.312928676605225,7.74923038482666,6.768041133880615,0.0003,0.002,0.002,0.0,0.0,0.0,0.5,364.7575378417969,2.1865157616863886,0.4995445630289544
7,7,8349582,2.106705269988803e+18,0.0022454000000000003,2.85e-05,12.7261026,0.0212772765779,g_kic_fixed,12.2397828,0.0201432266312,r_kic_fixed,11.21,0.021,10.867,0.019,10.800999999999998,0.017,0.268,SPE,284.48245,44.39804,1.19,0.04,7.93,0.94,4.178,5695,1.07,0.02,8.03,0.75,5630.0,5699,74,0.3,0.1,51.0,1.5,KOI,Gaia DR2 2106705269988803072,2.106705269988803e+18,2015.5,284.48242810241123,0.0246701512585535,44.397891023097856,0.03719160831789664,2.2154203126615464,0.028536591558853738,77.63436889648438,-4.004421011307824,0.04741191796664145,-26.41112163521241,0.06341437190294434,-0.3130342364311218,-0.4320250451564789,-0.3224761486053467,0.2119479328393936,0.372988760471344,0.10831192135810852,-0.7155723571777344,-0.051964674144983285,-0.17557604610919952,-0.13202349841594696,231.9408264160156,0.0,0.0,1.0,0.0,225733.44071043888,37.124581932668,12.304375648498535,117018.71074108305,168.689689804037,12.680749893188475,154948.09287991078,150.18680952831815,11.786454200744627,0.8942956924438477,0.3763742446899414,0.5179214477539062,-29.59574031028683,0.956715347762088,NOT_AVAILABLE,74.4325813144753,17.518475573303242,296.6266519402757,66.50351311268689,5514.33349609375,5417.2724609375,5700.0,0.6291999816894531,0.3788999915122986,0.8539999723434448,0.34049999713897705,0.21289999783039093,0.4250999987125397,1.4920684099197388,1.3964489698410034,1.5460139513015747,1.85457444190979,1.815614938735962,1.8935339450836184,8349582.0,284.48245,44.398041,445.65564183487703,440.01606587135905,451.438999063655,849.031962792031,1.0,1.0,2MASS J18575579+4423529,12.345999999999998,5644.0,84.0,-75.0,SPE72,4.162,0.033,-0.03,AST69,0.3,0.15,-0.15,SPE72,1.411,0.091,-0.073,1.053,0.115,-0.057,DSEP,1.0,1.0,1.0,11.21,10.867,10.800999999999998,conf,0.1306711886017714,,,,,,,,,,,,,,,,,12.304375648498535,12.680749893188475,11.786454200744627,0.0003,0.002,0.002,0.15080999918282031,0.027968401111364338,0.02796840111136438,0.02796840111136436,1709.999885559082,4.604867241594911,5.496653575433547
8,8,9098294,2.0799848052725683e+18,0.0082097,2.43e-05,10.0506163,0.0279286534044,g_kic_fixed,9.6762896,0.0306588160617,r_kic_fixed,8.722999999999999,0.024,8.42,0.026,8.363999999999999,0.012,-0.18,SPE,295.08835,45.48915,1.0,0.03,7.28,0.51,4.314,5718,1.01,0.02,6.93,0.57,5734.0,5840,84,-0.13,0.09,19.8,1.3,seismic,Gaia DR2 2079984805272568192,2.0799848052725683e+18,2015.5,295.0884676305697,0.02069673427036113,45.489451521183284,0.027879422304879352,8.179699235646968,0.024257029962646386,337.2094421386719,14.528458669012165,0.04495908013255336,68.68143979139884,0.05452812898387583,0.11088259518146516,-0.03784999623894692,-0.3191812336444855,-0.10669583082199097,0.2058471292257309,-0.11198796331882477,-0.5277419686317444,-0.0797610878944397,0.03627098351716995,0.07932636141777039,579.2178955078125,0.0,0.6008121922913222,0.0,0.0,2471413.284596101,421.7119169356093,9.706002235412598,1338361.7982759122,1725.594748556146,10.034954071044922,1604171.4390155445,2061.6530159539525,9.24879264831543,0.7861614227294922,0.3289518356323242,0.457209587097168,-43.525508645786296,14.337977251954912,NOT_AVAILABLE,78.64408691335416,11.128729252839904,314.84689025455816,65.07019103490445,5822.33349609375,5744.39990234375,5880.0,0.1694999933242798,0.008899999782443047,0.2619999945163727,0.10499999672174454,0.029699999839067463,0.1379999965429306,1.1854256391525269,1.1622881889343262,1.2178088426589966,1.4548949003219604,1.447431206703186,1.4623585939407349,9098294.0,295.08835,45.489151,121.82400789399901,121.462360701571,122.187776594632,1290.09873821457,1.0,1.0,2MASS J19402120+4529209,9.758,5858.0,70.0,-79.0,SPE72,4.3,0.012,-0.01,AST10,-0.18,0.15,-0.15,SPE72,1.129,0.040999999999999995,-0.040999999999999995,0.927,0.065,-0.057999999999999996,DSEP,0.0,0.0,0.0,8.722999999999999,8.42,8.363999999999999,none,0.07374415225592071,9098294.0,S,2233.0,75.0,108.8,1.7,6020.0,51.0,5972.0,146.0,-0.2,0.3,KICdata,Simbad,295.08835,45.489151,9.706002235412598,10.034954071044922,9.24879264831543,0.0003,0.002,0.002,0.0,0.0,0.0,0.5,415.1015853881836,1.3698253224194945,0.016746238927641946
9,9,9139151,2.1068221317568412e+18,0.0097366,2.49e-05,9.4349454,0.032526151172500004,g_kic_fixed,9.0911388,0.0353008122865,r_kic_fixed,8.238,0.032,7.968,0.018000000000000002,7.952000000000001,0.016,0.1,SPE,284.08859,45.51475,1.14,0.03,1.71,0.19,4.376,6092,1.16,0.02,1.79,0.46,6019.0,6125,84,0.11,0.09,11.0,2.2,seismic,Gaia DR2 2106822131756841600,2.1068221317568412e+18,2015.5,284.08873848812976,0.02177406431878243,45.51504132966575,0.023113295370550884,9.706618199343364,0.024869397448285733,390.3037109375,22.201971848205176,0.0455275657914124,59.08379215199486,0.04675787602014921,-0.1434105485677719,-0.3767339289188385,-0.1499604433774948,0.1384996771812439,0.2720399796962738,0.07555076479911804,-0.32497745752334595,-0.10202977061271667,-0.11871936172246933,-0.02486221306025982,521.887451171875,0.0,0.0,1.0,0.0,4139961.6788457376,935.2027828316388,9.145874977111816,2296294.9877538118,3284.999251822326,9.448819160461426,2614721.468685219,2713.477869820018,8.718356132507324,0.7304630279541016,0.3029441833496094,0.4275188446044922,-28.345844540737936,0.1592730640612214,NOT_AVAILABLE,75.42556684644543,18.175924931350124,296.6575494532245,67.65480961999206,6000.0,5919.14990234375,6178.0,0.08250000327825546,0.0066999997943639755,0.274399995803833,0.02380000054836273,0.0032999999821186066,0.14869999885559082,1.2124488353729248,1.1435893774032593,1.2457969188690186,1.716431736946106,1.708887815475464,1.723975658416748,9139151.0,284.08859,45.514751000000004,102.716872732009,102.453178058999,102.981904072353,842.6313142824671,1.0,1.0,2MASS J18562126+4530531,9.181000000000001,6299.0,62.0,-81.0,SPE72,4.378,0.011000000000000001,-0.013000000000000001,AST10,0.08,0.1,-0.15,SPE72,1.17,0.027999999999999997,-0.042,1.196,0.03,-0.084,DSEP,0.0,0.0,0.0,8.238,7.968,7.952000000000001,none,0.13292605881764802,9139151.0,S,2705.0,163.0,117.2,2.1,6134.0,48.0,6204.0,151.0,-0.2,0.3,KICdata,Simbad,284.08859,45.514751,9.145874977111816,9.448819160461426,8.718356132507324,0.0003,0.002,0.002,0.0,0.0,0.0,0.5,335.0690460205078,0.9288156431276696,0.005499419377591858
10,10,9955598,2.1282159093158764e+18,0.0146696,2.12e-05,9.9284047,0.0287949771436,g_kic_fixed,9.3340844,0.033327325104700004,r_kic_fixed,8.2,0.018000000000000002,7.837999999999999,0.02,7.768,0.023,0.118,SPE,293.6792,46.85276,0.96,0.01,6.43,0.47,4.506,5307,0.89,0.01,6.98,0.45,5250.0,5460,75,0.08,0.1,34.7,6.3,KOI,Gaia DR2 2128215909315876352,2.1282159093158764e+18,2015.5,293.6792057996139,0.018276634028344903,46.85273373546158,0.02225290944959804,14.639630434672828,0.021240073200917833,689.2457885742188,4.666230642392646,0.03957540535689121,-6.007317651519723,0.0472357673844436,0.032861411571502686,0.07188207656145096,-0.19728489220142365,-0.12486638873815535,0.13956297934055328,-0.1304580271244049,-0.2286239713430405,-0.05709401518106461,-0.02791083976626396,0.0023798681795597076,297.7464904785156,0.0,0.0,0.0,0.0,3303008.964627278,677.3488583172243,9.391091346740724,1650001.00692092,2545.040341425755,9.807677268981934,2317735.231031042,1948.6992255254906,8.849260330200195,0.9584169387817384,0.4165859222412109,0.5418310165405273,-28.256367297707385,0.5813934925433967,NOT_AVAILABLE,79.43305531274473,12.616904513120735,314.0013051252841,66.7107934998959,5327.0,5227.66650390625,5427.83349609375,0.06300000101327896,0.012500000186264515,0.17399999499320984,0.0272000003606081,0.006399999838322401,0.08699999749660492,0.9356644153594972,0.9012234210968018,0.9715602993965148,0.6351345181465149,0.6334542632102966,0.6368147730827332,9955598.0,293.6792,46.852759999999996,68.1729669766469,68.07365399762071,68.2725649984529,1057.34922796223,1.0,1.0,2MASS J19344300+4651099,9.439,5455.0,73.0,-82.0,SPE72,4.497,0.027000000000000003,-0.03,AST69,0.06,0.15,-0.15,SPE72,0.888,0.036000000000000004,-0.036000000000000004,0.902,0.05,-0.055,DSEP,1.0,1.0,1.0,8.2,7.837999999999999,7.768,conf,0.05806557697788905,9955598.0,S,3148.0,353.0,152.5,3.1,5434.0,77.0,5357.0,155.0,-0.2,0.3,KICdata,Simbad,293.6792,46.85276,9.391091346740724,9.807677268981934,8.849260330200195,0.0003,0.002,0.002,0.0,0.0,0.0,0.5,368.4879684448242,2.2598693864400983,0.0012369142348993465
11,11,10644253,2.1198284609579423e+18,0.0103261,2.4e-05,9.4359716,0.032518059038,g_kic_fixed,9.0684676,0.0354878601951,r_kic_fixed,8.167,0.023,7.93,0.017,7.874,0.026,0.06,SPE,280.92676,47.93777,1.13,0.05,1.07,0.25,4.402,6001,1.16,0.02,1.2,0.39,5991.0,6030,84,0.12,0.09,10.91,0.87,seismic,Gaia DR2 2119828460957942528,2.1198284609579423e+18,2015.5,280.926714704014,0.021006612422992843,47.93798750119903,0.023047425331093413,10.296066829362504,0.023962611140987324,429.6721496582031,-7.4415245546131334,0.04465861646751231,48.24161252441723,0.04536580147656119,-0.016953879967331886,0.1059618815779686,-0.2063288539648056,0.12480317056179048,0.2932780683040619,0.0068128849379718295,-0.3406491279602051,-0.30755120515823364,-0.01851785182952881,0.06232818588614464,456.2330627441406,0.0,0.0,1.0,0.0,4220366.033853103,954.4547006081067,9.124990463256836,2315387.463459296,2906.1356228148684,9.439828872680664,2689883.198928067,4441.616616109935,8.687586784362793,0.7522420883178711,0.3148384094238281,0.43740367889404297,-18.765306215694714,0.21964068819200736,NOT_AVAILABLE,77.10244053554489,21.016731889875256,292.39379113200886,70.52903507071294,5963.33349609375,5805.607421875,6030.0,0.1040000021457672,0.01920000091195106,0.21199999749660486,0.04170000180602074,0.007899999618530273,0.10360000282526016,1.1691659688949585,1.1434566974639893,1.2335563898086548,1.5574116706848145,1.551106572151184,1.5637167692184448,10644253.0,280.92676,47.937771000000005,96.8526525230068,96.62670401903651,97.0796413511495,787.1796935222341,1.0,1.0,2MASS J18434242+4756159,9.16,6036.0,81.0,-81.0,SPE72,4.402,0.013000000000000001,-0.013000000000000001,AST10,0.07,0.15,-0.15,SPE72,1.09,0.031,-0.039,1.092,0.06,-0.067,DSEP,0.0,0.0,0.0,8.167,7.93,7.874,none,0.032243761283684814,10644253.0,S,2819.0,131.0,123.6,2.7,6069.0,50.0,6105.0,145.0,-0.2,0.3,KICdata,Simbad,280.92676,47.93777100000001,9.124990463256836,9.439828872680664,8.687586784362793,0.0003,0.002,0.002,0.01370999969355762,0.009322799791619181,0.009322799791619181,0.009322799791619181,318.3375549316406,0.9087260643759263,0.008996426042459565
12,12,10963065,2.1315937851329976e+18,0.0112646,3.3e-05,8.9597088,0.0363914420995,g_kic_fixed,8.6640016,0.038895867807300005,r_kic_fixed,7.784,0.021,7.539,0.021,7.4860000000000015,0.018000000000000002,-0.146,SPE,284.78619,48.42323,1.07,0.02,4.36,0.46,4.294,6063,1.09,0.02,4.18,0.44,6076.0,6104,74,-0.2,0.1,12.4,1.2,KOI,Gaia DR2 2131593785132997632,2.1315937851329976e+18,2015.5,284.7862157903107,0.029543880315415556,48.423262246183825,0.03421818099244416,11.2345778902741,0.03300645334661186,340.37518310546875,4.5845461060370285,0.06527614921317794,9.361543062439868,0.06256821606703482,-0.4382304251194,-0.3827939927577973,0.30690428614616394,-0.12634946405887604,0.4745234549045563,-0.2461753636598587,-0.1768534928560257,-0.1580296754837036,-0.17228902876377106,-0.3721387684345245,297.4953918457031,0.0,1.0788733362703671e-15,1.0,0.0,6246942.5692010075,1497.1261665175061,8.699196815490723,3497396.3934116573,5720.187650366771,8.992026329040527,3891228.7779005817,7850.063515197454,8.286703109741211,0.7053232192993164,0.2928295135498047,0.4124937057495117,-54.91661477507886,0.2406188665063209,NOT_AVAILABLE,78.4751639629314,18.73849128515015,300.1883373135771,70.31705865576892,6097.0,6063.19970703125,6147.25,0.11299999803304672,0.026000000536441803,0.21649999916553495,0.052000001072883606,0.014299999922513962,0.09549999982118608,1.2441458702087402,1.2238887548446655,1.2580559253692627,1.927090406417847,1.918288826942444,1.9358919858932493,10963065.0,284.78619,48.423229,88.783178171035,88.52181017340729,89.0460665769856,818.019639843826,1.0,1.0,2MASS J18590868+4825236,8.769,6139.0,82.0,-82.0,SPE72,4.291,0.033,-0.027000000000000003,AST69,-0.18,0.15,-0.15,SPE72,1.194,0.064,-0.064,1.016,0.076,-0.063,DSEP,1.0,1.0,1.0,7.784,7.539,7.486000000000001,conf,0.02711466974554839,10963065.0,S,2184.0,62.0,103.0,1.0,6316.0,45.0,6080.0,200.0,-0.2,0.3,KICdata,Simbad,284.78619,48.423229,8.699196815490723,8.992026329040527,8.286703109741211,0.0003,0.002,0.002,0.0,0.0,0.0,0.5,390.07604598999023,0.9498822085965251,0.25004068514837374
13,13,11244118,2.1297242374095483e+18,0.0062898,2.01e-05,10.1408525,0.0273064633865,g_kic_fixed,9.634604800000002,0.0309759494644,r_kic_fixed,8.675,0.026,8.351,0.018000000000000002,8.294,0.013,0.36,SPE,291.83533,48.95338,1.1,0.05,6.43,0.58,4.077,6023,1.13,0.02,6.9,0.44,5677.0,5745,84,0.35,0.09,23.2,3.9,seismic,Gaia DR2 2129724237409548288,2.1297242374095483e+18,2015.5,291.83540657744186,0.017822737282076936,48.95297698277522,0.021596517273127967,6.259821084136994,0.020070443330411386,311.89251708984375,4.6691347041385525,0.04072587068756497,-83.32357086393445,0.040138823082920966,0.0770123153924942,-0.054619494825601585,-0.13815750181674954,-0.0896834284067154,0.2456945776939392,-0.07088486850261687,-0.42563554644584656,0.03601498901844025,-0.13258250057697296,-0.014294016174972056,357.92279052734375,0.0,0.0,1.0,0.0,2454566.42738635,540.9172990542705,9.713428497314453,1276689.1768162614,1155.956126013817,10.086174964904783,1656384.408121667,1554.5154443690951,9.214016914367676,0.8721580505371094,0.372746467590332,0.4994115829467773,-45.7084331252411,0.358501985085911,NOT_AVAILABLE,80.83432151685885,14.637717165731654,313.2905105685984,69.13294757837284,5610.150390625,5546.96728515625,5671.466796875,0.9686999917030334,0.5360000133514404,1.3309999704360962,0.4375,0.2669000029563904,0.6521000266075134,1.6749672889709473,1.6389455795288086,1.7133421897888184,2.503833055496216,2.4889047145843506,2.518761396408081,11244118.0,291.83533,48.953381,159.015260700607,158.50556009409598,159.52819130402,876.8142665400211,1.0,1.0,2MASS J19272048+4857121,9.736,5727.0,77.0,-68.0,SPE72,4.096,0.006999999999999999,-0.009000000000000001,AST10,0.34,0.1,-0.1,SPE72,1.64,0.04,-0.087,1.222,0.045,-0.125,DSEP,0.0,0.0,0.0,8.675,8.351,8.294,none,0.1958582206259808,11244118.0,S,1420.0,31.0,71.3,0.9,5618.0,64.0,5856.0,132.0,-0.2,0.3,KICdata,Simbad,291.83533,48.953381,9.713428497314453,10.086174964904783,9.214016914367676,0.0003,0.002,0.002,0.09974088114872574,0.006758599151819936,0.0067585991518199495,0.006758599151819943,405.7419204711914,1.8539085063695777,0.5000452003642226
14,14,12069424,,,,,,,,,,,,,,,,,,,,1.1,0.02,7.07,0.46,4.295,5677,1.04,0.01,6.95,0.26,5668.0,5825,50,0.09,0.02,23.8,1.7,seismic,Gaia DR2 2135550755683405952,2.1355507556834056e+18,2015.5,295.45297035735257,0.03035244899798143,50.52437636109773,0.03682554803040639,47.277123201094206,0.032714271974208384,1445.15283203125,-148.29928596054458,0.06279081564824912,-158.96105827430588,0.06966654497524923,-0.001242348225787282,0.11013548076152803,-0.4801443517208099,-0.05745382606983185,0.21651004254817965,-0.11531265825033188,-0.4559838473796845,-0.2816350758075714,-0.040981002151966095,-0.04333864152431488,656.9911499023438,0.12120738620688565,5.988614985831267,1.0,0.0,89962684.02044925,57884.7038049308,5.8032097816467285,47489531.34670641,96573.1351097182,6.15989351272583,58729683.33204642,112237.86756065863,5.339776039123535,0.8201174736022949,0.3566837310791016,0.4634337425231934,-27.20973734850064,0.15049447654828416,NOT_AVAILABLE,83.33875963940903,13.21506248713514,321.20608062656015,69.4785538954578,5793.0,5743.0,5844.75,0.08399999886751175,0.008000000379979609,0.4165999889373779,0.0560000017285347,0.007899999618530273,0.22040000557899475,1.2510478496551514,1.2289921045303345,1.2729265689849854,1.5880225896835327,1.5860297679901123,1.5900154113769531,12069424.0,295.45398,50.525065999999995,21.1389325240616,21.124214376927604,21.1536708308357,996.436588328241,1.0,1.0,2MASS J19414896+5031305,5.864,5775.0,78.0,-78.0,SPE72,4.294,0.03,-0.027000000000000003,AST19,0.02,0.15,-0.15,SPE72,1.165,0.066,-0.054000000000000006,0.973,0.081,-0.059000000000000004,DSEP,0.0,0.0,0.0,5.091,4.724,4.426,none,0.02243902103459627,,,,,,,,,,,,,,,,,5.8032097816467285,6.15989351272583,5.339776039123535,0.0003,0.002,0.002,0.0,0.0,0.0,0.5,441.6950798034668,1.9018544160170667,0.3952304048016851
15,15,12069449,,,,,,,,,,,,,,,,,,,,1.06,0.02,6.82,0.28,4.36,5629,0.998,0.005,7.02,0.14,5592.0,5750,50,0.05,0.02,23.2,7.4,seismic,Gaia DR2 2135550755683407232,2.1355507556834076e+18,2015.5,295.46564220323137,0.02258347013535874,50.51682430418765,0.024785820904364236,47.27542075679729,0.024531614569573982,1927.122314453125,-134.7909218665119,0.049463433102907316,-162.49322516493953,0.045016909668005235,-0.02705952525138855,0.08603224158287047,-0.4010360836982727,-0.10467521101236343,0.3106786012649536,-0.1590498983860016,-0.16720357537269592,-0.10417480021715164,-0.20993314683437347,-0.0951453298330307,501.9940185546875,0.0,0.0,1.0,0.0,71223239.71001142,28233.01849787,6.056811332702638,37448788.790632375,66624.36539332023,6.41779375076294,46816289.09291926,78302.54486403073,5.585927486419678,0.8318662643432617,0.3609824180603027,0.470883846282959,-27.731926313298665,0.1554552995233504,NOT_AVAILABLE,83.33557715253096,13.204463158717545,321.2156375642644,69.46803175983105,5777.25,5696.5,5890.0,0.1923000067472458,0.06669999659061432,0.33629998564720154,0.08150000125169754,0.04569999873638153,0.1354999989271164,1.1198002099990845,1.0773386955261228,1.1517723798751829,1.2585208415985107,1.2572907209396362,1.2597509622573853,12069449.0,295.46657999999996,50.517525,21.1396845405787,21.128645098653898,21.1507353197228,997.598923677839,1.0,1.0,2MASS J19415198+5031032,6.095,5745.0,77.0,-77.0,SPE72,4.359,0.033,-0.027000000000000003,AST19,0.0,0.15,-0.15,SPE72,1.069,0.051,-0.051,0.9520000000000001,0.063,-0.057,DSEP,1.0,0.0,0.0,4.993,4.695,4.651,conf,0.05756479054849085,,,,,,,,,,,,,,,,,6.056811332702638,6.41779375076294,5.585927486419678,0.0003,0.002,0.002,0.0,0.0,0.0,0.5,418.9494323730469,1.7520219102360124,0.004787733023190779
16,16,6196457,,,,,,,,,,,,,,,,,,,,1.23,0.04,5.51,0.71,4.053,6064,1.21,0.02,5.52,0.5,5991.0,5871,94,0.17,0.11,16.4,1.2,KOI,Gaia DR2 2102224661326132864,2.1022246613261327e+18,2015.5,289.08606066142113,0.01840233850248656,41.563022439536965,0.021830605157365016,2.0634741124722886,0.02332998863106844,88.44728088378906,-0.1273155997260873,0.03925474605688917,14.717852187850836,0.039183814580973725,0.06609272956848145,0.05426986142992973,-0.04855845496058464,-0.02730625309050083,0.4000818133354187,-0.09671138972043992,-0.23122580349445346,-0.16772840917110446,-0.061525270342826836,0.09959252923727037,284.9776611328125,0.0,0.0,0.0,0.0,377851.4573153567,64.77279056863374,11.745062828063965,205149.60355847978,202.635353156268,12.071211814880373,248493.6765102307,173.13423595885624,11.273632049560547,0.7975797653198242,0.32614898681640625,0.471430778503418,-41.30766612606023,0.6435330140037124,NOT_AVAILABLE,73.08204698442792,13.314393558212346,302.44576160580766,62.86868961051057,5829.5,5778.0,5893.0,,,,,,,1.83250629901886,1.7932267189025881,1.8653185367584229,3.493903160095215,3.424604177474976,3.5632021427154537,6196457.0,289.08606000000003,41.562958,477.991825256548,472.67980162221903,483.4224149266,940.6277634628,1.0,1.0,2MASS J19162065+4133465,11.565,5862.0,97.0,-80.0,SPE8,4.05,0.033,-0.027000000000000003,AST69,0.16,0.15,-0.1,SPE69,1.67,0.11800000000000001,-0.08199999999999999,1.1420000000000001,0.16,-0.053,DSEP,3.0,3.0,3.0,10.747,10.47,10.402999999999999,conf,0.0053822170329533995,,,,,,,,,,,,,,,,,11.745062828063965,12.071211814880373,11.273632049560547,0.0003,0.002,0.002,0.08225999816134572,0.01864559958323836,0.01864559958323836,0.01864559958323836,459.1196823120117,1.5601531984938282,3.7699062198737625
17,17,7871531,,,,,,,,,,,,,,,,,,,,0.84,0.02,9.15,0.47,4.479,5253,0.84,0.02,10.1,0.99,5240.0,5400,84,-0.24,0.09,33.7,2.6,seismic,Gaia DR2 2105298788456363008,2.1052987884563633e+18,2015.5,282.91480269717243,0.2420525530834591,43.63594821558285,0.2630763520183255,15.028801647521837,0.2610358437779321,57.573707580566406,-29.96231695128084,0.5505211473212596,-20.570302463465413,0.5724377142661301,0.01858329027891159,-0.01909693330526352,-0.2909070551395416,-0.05270078405737877,0.20985525846481326,-0.07779961824417114,-0.3085856735706329,-0.12181712687015532,-0.013931244611740112,0.03445558622479439,26729.310546875,1.5548342400957709,843.9521164316658,1.0,0.0,3914357.1799792415,777.3317123946229,9.206714630126953,1972046.992408376,1924.5616724864942,9.614094734191896,2753936.180605789,3605.055880108869,8.66203498840332,0.9520597457885742,0.4073801040649414,0.5446796417236328,-20.230479854223105,0.6660200626975887,NOT_AVAILABLE,73.26418535209082,18.302899567302227,293.4601590046741,66.02664922743446,5342.63232421875,5284.58984375,5423.4501953125,0.20749999582767487,0.12039999663829805,0.3057999908924103,0.10300000011920928,0.059000000357627876,0.15610000491142273,0.985383152961731,0.9562344551086426,1.0071475505828855,0.7127317190170288,0.6987788081169128,0.7266846299171448,7871531.0,282.91507,43.636089,66.4491786347692,65.3072329571994,67.6310326116368,862.144991075886,1.0,1.0,2MASS J18513961+4338099,9.253,5505.0,76.0,-76.0,SPE72,4.474,0.02,-0.013999999999999999,AST10,-0.26,0.15,-0.1,SPE72,0.86,0.031,-0.027000000000000003,0.8029999999999999,0.057999999999999996,-0.039,DSEP,0.0,0.0,0.0,7.971,7.585,7.516,none,0.2986264472601722,7871531.0,S,,,153.3,3.6,5378.0,57.0,5237.0,153.0,-0.2,0.3,KICdata,Simbad,282.91507,43.636089,9.206714630126953,9.614094734191896,8.66203498840332,0.0003,0.002,0.002,0.0,0.0,0.0,0.5,376.44847869873047,1.810932218675816,0.4403994573724464
18,18,10454113,,,,,,,,,,,,,,,,,,,,1.19,0.04,2.03,0.29,4.315,6138,1.15,0.03,2.86,0.54,6095.0,6120,84,-0.06,0.09,14.6,1.1,seismic,Gaia DR2 2131620306552653312,2.1316203065526533e+18,2015.5,284.15262326049736,0.05573928420405642,47.65642759535394,0.05715426354630676,10.244714050738004,0.06226216738394345,164.54156494140625,-11.915359253930545,0.12438777530274768,-1.53900188268583,0.11264252722928393,-0.15375559031963348,-0.19615980982780454,-0.1502130925655365,0.02252990193665028,0.3546547591686249,-0.03575999289751053,-0.2994112074375153,0.013945017009973526,-0.30017608404159546,-0.20356452465057373,1933.1724853515625,0.275828161993981,28.10327240680584,1.0,1.0,7168916.58270212,1379.6958178646921,8.549732208251951,4007573.5806285087,5347.189407679675,8.844184875488281,4474738.86719173,6956.89427782408,8.135001182556152,0.7091836929321289,0.2944526672363281,0.4147310256958008,-22.691787091725306,0.3876232460690831,NOT_AVAILABLE,77.56092682276395,18.874575506261827,298.3499159275118,69.70657639048099,6108.5,5954.26708984375,6138.0,0.3370000123977661,0.1265999972820282,0.6341000199317932,0.15770000219345093,0.03400000184774399,0.27709999680519104,1.455833077430725,1.4418729543685913,1.5322306156158447,2.6586196422576904,2.6375322341918945,2.6797070503234863,10454113.0,284.15262,47.65641,97.342511217065,96.75164098008301,97.94051270496858,823.82857223013,1.0,1.0,2MASS J18563663+4739230,8.618,6183.0,83.0,-83.0,SPE72,4.303,0.009000000000000001,-0.009000000000000001,AST10,-0.08,0.15,-0.15,SPE72,1.205,0.057,-0.038,1.06,0.099,-0.066,DSEP,0.0,0.0,0.0,7.655,7.372999999999999,7.291,none,0.2114137270800756,10454113.0,S,2261.0,62.0,103.8,1.3,6197.0,45.0,6039.0,226.0,-0.2,0.3,KICdata,Simbad,284.15262,47.65641,8.549732208251951,8.844184875488281,8.135001182556152,0.0003,0.002,0.002,0.0,0.0,0.0,0.5,345.73951721191406,1.3182561122997196,0.00047770448388464743
19,19,10586004,,,,,,,,,,,,,,,,,,,,1.16,0.05,6.35,1.37,4.072,5943,1.18,0.03,6.43,0.62,5753.0,5770,83,0.29,0.1,29.8,1.0,KOI,Gaia DR2 2131494313689868416,2.1314943136898683e+18,2015.5,285.31118446651004,0.022622060026164747,47.84847747469322,0.025120862016680158,2.4173229179531077,0.025846893993754245,93.52469635009766,-13.25792068343148,0.048813024129307415,-24.63349298945516,0.05000045318938493,0.04663129895925522,0.23270705342292786,-0.1872337907552719,-0.2740119695663452,0.3135887384414673,-0.27730828523635864,-0.17217320203781128,-0.15695273876190186,-0.3231906294822693,-0.03416736796498298,234.28404235839844,0.0,0.0,1.0,0.0,414841.8022712897,79.8241684651723,11.643659591674805,220075.24380447372,203.83586774302242,11.994959831237793,277516.3528836855,181.00165855283532,11.153698921203613,0.8412609100341797,0.3513002395629883,0.4899606704711914,-20.208392809810547,0.3450624580246413,NOT_AVAILABLE,78.03529387361381,18.210230578052567,300.6574687952373,69.66333670816005,5577.33349609375,5486.0,5742.0751953125,,,,,,,1.8067560195922847,1.7045706510543823,1.8674162626266482,2.8457727432250977,2.7943692207336426,2.8971762657165527,10586004.0,285.31125,47.848564,408.84540401198797,404.537385263658,413.24448832798106,823.254385158882,1.0,1.0,2MASS J19011470+4750549,11.696,5758.0,77.0,-68.0,SPE72,4.072,0.033,-0.027000000000000003,AST69,0.3,0.1,-0.1,SPE72,1.704,0.083,-0.11800000000000001,1.251,0.053,-0.141,DSEP,2.0,2.0,2.0,10.6,10.325,10.252,conf,0.08468343475864654,,,,,,,,,,,,,,,,,11.643659591674805,11.994959831237793,11.153698921203613,0.0003,0.002,0.002,0.09596999785490334,0.009322799791619166,0.00932279979161918,0.009322799791619173,422.83395767211914,2.5852483969662647,0.5043030249605356
20,20,11401755,,,,,,,,,,,,,,,,,,,,1.03,0.05,5.85,0.93,4.043,6094,1.06,0.03,7.1,0.6,6057.0,5911,66,-0.2,0.06,17.2,1.4,KOI,Gaia DR2 2129931456691176576,2.1299314566911764e+18,2015.5,291.25018591838347,0.018550174840680014,49.231807267963525,0.023882455236718052,1.8654326563944872,0.02149300389821597,86.79254913330078,0.9699602617775496,0.040900224360793686,-8.072591119938933,0.04290148248620422,-0.22508010268211365,-0.13288763165473938,-0.3505147099494934,0.14302602410316467,0.3938403129577637,0.12886807322502136,-0.4075559675693512,0.003356421599164605,-0.0448518730700016,-0.12440354377031325,308.95172119140625,0.0,0.0,1.0,0.0,278396.48297611304,43.64900404427122,12.076705932617188,154834.32564891563,182.1896354214241,12.376720428466795,179263.31984221202,103.70924365452673,11.628190994262695,0.7485294342041016,0.3000144958496094,0.4485149383544922,9.393150883029284,1.3043657300284168,NOT_AVAILABLE,80.93277135767977,15.101993758065188,312.62892736486555,69.54540730383418,5963.0,5911.0,6255.89501953125,,,,,,,1.6575869321823118,1.5060070753097534,1.686879277229309,3.129727840423584,3.064470767974853,3.1949849128723145,11401755.0,291.25018,49.231834,527.9564265113111,521.9873163833889,534.061131757455,853.7121555664161,1.0,1.0,2MASS J19250004+4913545,11.866,5919.0,62.0,-71.0,SPE8,4.042,0.03,-0.03,AST69,-0.2,0.05,-0.1,SPE69,1.585,0.071,-0.079,1.0090000000000001,0.036000000000000004,-0.036000000000000004,DSEP,2.0,2.0,3.0,11.124,10.85,10.788,conf,0.028911624502094925,,,,,,,,,,,,,,,,,12.076705932617188,12.376720428466795,11.628190994262695,0.0003,0.002,0.002,0.16451999632269143,0.018645603056251986,0.018645603056251986,0.018645603056251986,408.1095886230469,1.243783813554833,0.25051835643632875
