,EPIC,G,bp,dec,parallax,parallax_err,ra,rp,source_id,Name,Mass,r'mag,Kmag,Prot1,Pw1,Q1,Clean?,Sig,Prot2,Pw2,Q2,MP?,SE?,Bl?,Bin?,RawAmp,SmAmp,P,Kpmag,PrCat,PCat,All,2M,Simbad,_RA,_DE,prot
0,211700306,15.891451,17.15391,15.919764923052947,8.501583338871905,0.07108749340928182,129.06035505657923,14.780434,657875740050303744,AD 2136,0.35,16.21,12.48,     ,       ,2, ,        ,       ,       , , , , ,    ,        ,        , ,15.42,0,2,All,2M,Simbad,129.06053400000002,15.919901000000001,0.0
8,211734093,14.624638,15.622285,16.383949593358686,5.156648104863652,0.04285005106143857,129.1355150483757,13.635796,658033215026842368,AD 2182,0.58,14.81,11.51,18.22, 0.3548,0,N, 0.00760, 7.7446, 0.3470,0,Y,N,N,    , 0.00773, 0.23048,K,14.65,1,2,All,2M,Simbad,129.135678,16.383992000000003,18.22
14,211773459,14.889292,16.03566,16.93986902447597,5.214678668988625,0.07371542359157496,132.1361182948531,13.812378,658276035297795328,AD 3663,0.59,15.15,11.47, 5.94, 0.5864,0,Y, 0.00765,       ,       , ,N,Y,N,cand, 0.02701, 1.20081,K,14.97,1,2,All,2M,Simbad,132.136293,16.939895,5.94
16,211781289,9.666489,9.905568,17.050620964431328,5.39570255047412,0.052263537737143276,129.53204148494802,9.314571,658465872852222720,       ,1.36,9.62,8.7,     ,       ,2, ,        ,       ,       , , , , ,    ,        ,        , ,9.79,1,1,All,2M,Simbad,129.532204,17.050669,0.0
23,211795569,13.984025,14.747373,17.254309628879728,4.752284644598098,0.03233056955351348,129.5566607442646,13.138568,659225291790784384,AD 2380,0.6,13.96,11.31,24.44, 0.7861,0,Y, 0.00788, 8.0562, 0.1032,0,Y,M,N,    , 0.01065, 0.55179,2,14.03,1,2,All,2M,Simbad,129.556849,17.254378,24.44
24,211795614,14.510561,15.50024,17.25495924087823,5.392189832160061,0.04054070353579414,129.45447685747152,13.524258,659228074929597440,AD 2354,0.6,14.62,11.39,15.99, 0.7076,0,Y, 0.00795,       ,       , ,N,Y,Y,    , 0.01268, 0.58145,2,14.58,1,2,All,2M,Simbad,129.454634,17.255004,15.99
29,211799551,15.10395,16.23375,17.310530742772897,5.528206577178659,0.052362570426016455,129.5294560905271,14.042189,659230166577197056,AD 2371,0.53,15.48,11.81,18.55, 0.7958,0,Y, 0.00846,       ,       , ,N,Y,Y,    , 0.01323, 0.62656,2,14.97,0,2,All,2M,Simbad,129.52961399999998,17.310575,18.55
30,211800408,14.44771,15.382629,17.32255309522319,5.176867838453324,0.03206401246265886,126.77812541431217,13.49408,662045092440012288,AD 0934,0.59,14.54,11.44,16.89, 0.4303,0,Y, 0.00817,       ,       , ,N,Y,Y,    , 0.00250, 0.07632,2,14.61,1,2,All,2M,Simbad,126.778251,17.322591,16.89
36,211810915,15.163536,16.326529,17.472020059237664,5.484001395940516,0.0587116747274646,127.66088048892341,14.088726,659151177834641152,HSHJ 6 ,0.52,15.58,11.82,     ,       ,2, ,        ,       ,       , , , , ,    ,        ,        , ,15.77,0,2,All,2M,Simbad,127.66105800000001,17.472068,0.0
42,211822797,14.526263,15.50418,17.639974428694885,5.342090772970984,0.03905879550643052,130.41020914491466,13.549791,658607950370340608,HSHJ385,0.59,14.69,11.43, 7.93, 0.1890,1,N, 0.00842,14.6609, 0.1861,0,M,Y,Y,    , 0.00861, 0.16482,2,14.57,1,2,All,2M,Simbad,130.41036499999998,17.640005,7.93
55,211833336,14.752681,15.785395,17.78881587168134,5.318754089257144,0.037924059871012716,129.90415347539877,13.744133,659373141744409984,AD 2595,0.57,14.99,11.6,16.89, 0.6107,0,Y, 0.00795,       ,       , ,N,Y,N,    , 0.01077, 0.55169,2,14.77,1,2,All,2M,Simbad,129.90433000000002,17.788852,16.89
59,211834700,11.459617,11.760221,17.80813857495898,3.3796371185970395,0.06448360306565437,129.6851116161749,11.00918,659283772065343360,       ,0.98,11.45,10.14,     ,       ,2, ,        ,       ,       , , , , ,    ,        ,        , ,11.47,1,1,All,2M,Simbad,129.685326,17.80818,0.0
63,211838068,15.08069,16.226189,17.855731691394432,5.560531213431106,0.06442642749787983,129.75752546611054,14.012238,659284390540626816,AD 2496,0.54,15.39,11.77,     ,       ,3, ,        ,       ,       , , , , ,    ,        ,        , ,15.02,0,2,All,2M,Simbad,129.75771899999998,17.855775,0.0
66,211841501,9.814334,10.068524,17.902135386996502,5.250280847968286,0.04736608594635121,131.04968310131596,9.441104,658628905514597376,       ,1.32,9.8,8.78, 1.88, 0.2502,1,Y, 0.00738, 0.5976, 0.0116,1,Y,N,N,    , 0.00127, 0.03726,2,9.95,1,1,All,2M,Simbad,131.049836,17.902186999999998,1.88
70,211841991,14.43742,15.428587,17.908275497545855,5.401346089027177,0.07986183562048298,130.92930809742694,13.4500885,658630249840567680,JS548  ,0.6,14.62,11.31,15.18, 0.1169,0,Y, 0.00854,       ,       , ,N,Y,N,    , 0.05556, 1.10184,2,14.52,1,2,All,2M,Simbad,130.92946799999999,17.908317,15.18
72,211842439,10.665988,10.983936,17.91481586371966,5.4040715800169545,0.045602148518559434,129.11573688931335,10.212488,659343626729512832,JS134  ,1.14,10.64,9.4, 7.67, 0.3833,0,Y, 0.00826, 2.2952, 0.0642,1,M,M,N,    , 0.01388, 0.43253,D,10.69,2,1,All,2M,Simbad,129.115898,17.914858,7.67
82,211885995,14.612249,15.643773,18.522041396457997,5.330620922135658,0.09097238716295078,132.36134954147974,13.601716,660210522927784576,       ,0.6,14.88,11.39, 9.16, 0.9087,0,Y, 0.00758,       ,       , ,N,N,N,    , 0.04826, 2.19468,P,14.67,1,1,All,2M,Simbad,132.361537,18.522098,9.16
87,211887839,13.455736,14.224557,18.548468363697236,5.912273548963401,0.12929680000847585,130.87918545932192,12.606825,660918127380096640,JS536  ,0.74,13.47,10.74,12.90, 0.5200,0,Y, 0.00839,       ,       , ,N,Y,N,    , 0.01104, 0.44001,K,13.45,1,2,All,2M,Simbad,130.879382,18.548525,12.9
90,211889082,14.674445,15.808014,18.566636558843108,5.691986319779176,0.1089878253890161,127.48762905116146,13.610744,662291383044141824,AD 1296,0.6,15.0,11.3,12.37, 0.5341,0,Y, 0.00779, 1.8731, 0.1045,0,Y,N,N,cand, 0.02988, 1.08477,2,14.69,1,2,All,2M,Simbad,127.48776399999998,18.566675,12.37
91,211889983,12.50592,13.010677,18.579647962608007,4.991071970808011,0.05214789915432435,129.19613422802414,11.868098,659661213791017600,JS147  ,0.8,12.45,10.59, 9.54, 0.2069,0,Y, 0.00798, 5.0246, 0.1757,1,M,Y,N,    , 0.00539, 0.14465,K,12.49,1,2,All,2M,Simbad,129.19628600000001,18.579684,9.54
94,211890216,13.927447,14.757279,18.58300954661629,5.313190779986883,0.03507072481139172,130.23029939722815,13.043008,659477217391773696,JS398  ,0.62,13.97,11.13,12.57, 0.7626,0,Y, 0.00882,       ,       , ,N,Y,Y,    , 0.01431, 0.71374,D,13.91,2,2,All,2M,Simbad,130.230459,18.583064,12.57
96,211890774,15.129478,16.267454,18.591062301602424,5.447009541920613,0.0447837852254544,130.6334026432762,14.064975,660928259206807808,JS488  ,0.53,15.51,11.79, 9.42, 0.2428,0,Y, 0.00750,       ,       , ,N,N,N,    , 0.00673, 0.27355,2,15.16,0,2,All,2M,Simbad,130.633602,18.591136,9.42
100,211891359,13.747875,14.728133,18.59914477512126,5.429704456885368,0.02688657294809803,131.15040160310713,12.767019,660939258619177984,JS571  ,0.78,13.89,10.65,12.84, 0.7207,0,Y, 0.00825,       ,       , ,N,N,N,cand, 0.02443, 1.06266,K,13.8,1,2,All,2M,Simbad,131.150584,18.599204999999998,12.84
104,211892153,12.755044,13.48276,18.61105454057999,7.356244127766184,0.06298240819535282,129.59012891793537,11.939145,659652967453856512,JC123  ,0.96,12.72,10.18,     ,       ,2, ,        ,       ,       , , , , ,cand,        ,        , ,12.76,1,1,All,2M,Simbad,129.590259,18.611093,0.0
110,211892898,11.810179,12.372592,18.622180249728046,0.8576322178283119,0.03771428776284034,130.8942005855531,11.127468,660920219027943552,       ,1.06,11.74,9.6,     ,       ,2, ,        ,       ,       , , , , ,cand,        ,        , ,11.77,1,1,All,2M,Simbad,130.894296,18.622201,0.0
116,211895099,10.531589,10.842387,18.654281509580834,5.4528326343354925,0.0569535854508296,129.38765841668297,10.084978,659665096441437184,KW541  ,1.17,10.5,9.28, 7.31, 0.6152,0,Y, 0.00816, 3.6866, 0.2026,1,M,Y,N,    , 0.01000, 0.47471,D,10.57,2,1,All,2M,Simbad,129.38783,18.654311,7.31
117,211895966,13.590301,14.361049,18.667302844503137,5.426339569566225,0.034660329497339215,129.26544606712628,12.74347,659668635494494848,JS165  ,0.67,13.59,10.89,14.73, 0.6767,0,Y, 0.00894,       ,       , ,N,Y,N,    , 0.00353, 0.14359,2,13.61,1,2,All,2M,Simbad,129.265612,18.667351,14.73
120,211896418,11.453332,11.861166,18.674438928024852,5.3116272548326355,0.060308598873331634,130.1398267833588,10.916206,659490510313883264,KW546  ,1.03,11.4,9.83, 9.66, 0.6876,0,Y, 0.00719,       ,       , ,N,Y,N,    , 0.00795, 0.37988,K,11.41,1,2,All,2M,Simbad,130.13998899999999,18.674485,9.66
122,211896450,13.223365,13.985364,18.67500042700003,6.553443927528132,0.24696731960831309,130.24423700709204,12.374147,659489999214441216,JS401  ,0.84,13.25,10.49,12.47, 0.6680,0,Y, 0.00825,       ,       , ,N,N,N,cand, 0.01050, 0.42574,K,13.21,1,2,All,2M,Simbad,130.244412,18.675047,12.47
124,211896596,10.246216,10.6058235,18.677071829500438,5.363914846768619,0.045587428014569,132.00707149073116,9.749912,660225916090501376,JS655  ,1.3,10.22,8.81, 2.97, 0.3504,0,Y, 0.00998,       ,       , ,N,Y,N,conf, 0.01303, 0.37027,K,10.27,1,1,All,2M,Simbad,132.007256,18.677123,2.97
126,211896749,15.602067,16.855768,18.67912910472826,5.380508016034578,0.051425027291521576,130.84949903593431,14.485429,660933073866203264,JS534  ,0.42,15.92,12.16,21.17, 0.9009,0,Y, 0.00916,       ,       , ,N,N,N,    , 0.01997, 0.94650,2,15.67,0,2,All,2M,Simbad,130.849695,18.679209,21.17
131,211896979,12.985446,13.616902,18.682583234119463,5.35349828997738,0.038917711381471584,128.2619030292611,12.245153,662632540886348928,JS 21  ,0.77,12.93,10.68,13.30, 0.4717,0,Y, 0.00987,       ,       , ,N,Y,N,    , 0.00669, 0.21750,2,12.98,1,2,All,2M,Simbad,128.262056,18.682636,13.3
135,211897821,14.710718,15.723638,18.694706459781244,5.339832034375674,0.05189849559967069,127.7453886945455,13.717393,662665629314342272,AD 1427,0.57,14.83,11.59,16.42, 0.5648,0,Y, 0.00895,       ,       , ,N,Y,N,    , 0.01302, 0.47993,2,14.71,1,2,All,2M,Simbad,127.74553999999999,18.694766,16.42
138,211898181,11.721721,12.227959,18.700051599905848,1.6165586896745625,0.07147596599377211,130.15769990163778,11.082612,659490995646856704,KW547  ,1.05,11.65,9.7,     ,       ,2, ,        ,       ,       , , , , ,conf,        ,        , ,11.68,0,0,All,2M,Simbad,130.157851,18.700121,0.0
140,211898294,12.388916,13.038714,18.701700766617186,5.233690385530939,0.06618800440086733,128.20701125362666,11.635103,662633228081183872,JS 14  ,0.99,12.32,10.06,     ,       ,2, ,        ,       ,       , , , , ,cand,        ,        , ,12.38,1,2,All,2M,Simbad,128.207143,18.701744,0.0
142,211899094,12.585455,13.141425,18.71330058776094,6.102063170906995,0.07379502836485308,131.35692301480162,11.897601,660196774736045184,JS598  ,0.85,12.52,10.44,12.37, 0.5036,0,Y, 0.00746,       ,       , ,N,Y,N,    , 0.00395, 0.13222,2,12.58,0,2,All,2M,Simbad,131.357114,18.713351,12.37
147,211900414,12.760685,13.348615,18.73277596767868,5.353382668170351,0.06413266428046191,128.23176356947036,12.055351,662633743477189632,JS 17  ,0.8,12.7,10.6,     ,       ,2, ,        ,       ,       , , , , ,    ,        ,        , ,12.77,1,2,All,2M,Simbad,128.23191200000002,18.73283,0.0
149,211900700,12.078376,12.550427,18.736557070966057,5.341758404783949,0.039814863640696946,131.0709488795951,11.472759,660944717521395840,JS563  ,0.92,12.02,10.26,11.01, 0.6620,0,Y, 0.00834,       ,       , ,N,Y,N,    , 0.00525, 0.21195,K,12.07,1,2,All,2M,Simbad,131.07111899999998,18.736604,11.01
156,211901402,14.254088,15.178689,18.747432288884337,5.454146451051748,0.0388071733833278,129.03583826045684,13.312852,659714024708794240,JS112  ,0.61,14.36,11.29,14.66, 0.6524,0,Y, 0.00780,       ,       , ,N,Y,N,    , 0.01288, 0.58832,2,14.29,0,2,All,2M,Simbad,129.036017,18.747475,14.66
162,211902072,12.425856,12.9478445,18.756808453631578,5.503487002848446,0.06237169660142362,129.2252821869866,11.776359,659716601689157760,JS155  ,0.84,12.34,10.47, 9.36, 0.4891,0,Y, 0.00817,       ,       , ,M,Y,N,    , 0.01542, 0.59745,K,12.4,1,2,All,2M,Simbad,129.22545300000002,18.756852,9.36
176,211905009,9.979712,10.240148,18.800698159869338,5.330247979378438,0.03875248904222848,130.95046052221002,9.593671,660957980380034688,KW549  ,1.25,9.95,8.93,     ,       ,2, ,        ,       ,       , , , , ,conf,        ,        , ,10.06,1,1,All,2M,Simbad,130.95062,18.800759,0.0
183,211906187,13.653997,14.414448,18.818225620440483,5.442708203849629,0.04501311334473368,130.16451170666974,12.81137,660996020906770560,       ,0.63,13.65,11.0,13.18, 0.7319,0,N, 0.00899,       ,       , ,N,Y,N,    , 0.00770, 0.37498,2,13.68,1,2,All,2M,Simbad,130.164679,18.818285,13.18
185,211906287,13.658253,14.428162,18.8197821453044,5.054598083734449,0.056622259263578764,131.055007165971,12.808752,660958671871347584,JS561  ,0.65,13.66,10.94,12.22, 0.8057,0,Y, 0.00797,       ,       , ,N,Y,N,    , 0.01245, 0.58799,K,13.65,1,2,All,2M,Simbad,131.055188,18.819837,12.22
201,211908928,15.124488,16.289879,18.859686925406308,5.464630382760987,0.05300393670009365,130.70683276488154,14.039025,660986297100929792,JS505  ,0.54,15.43,11.74,13.12, 0.4845,0,Y, 0.00837,       ,       , ,N,Y,N,    , 0.06792, 2.08778,P,15.19,0,2,All,2M,Simbad,130.707001,18.859737,13.12
202,211908953,10.611017,10.9817705,18.860014672089292,5.3160461365125595,0.04548122117219653,130.68835263285104,10.102619,660986331460669312,JS738  ,1.2,10.57,9.17,10.33, 0.7010,0,Y, 0.00801,       ,       , ,N,Y,N,cand, 0.00405, 0.15991,K,10.6,1,1,All,2M,Simbad,130.68856,18.860076,10.33
203,211909748,12.5283375,13.072952,18.871814329909974,5.447920733806241,0.060411728908698066,130.3777787614344,11.822207,660995230632845184,KW401  ,0.98,12.36,10.15, 2.42, 0.8636,0,Y, 0.00818,       ,       , ,N,Y,N,conf, 0.06528, 3.08847,D,12.36,2,2,All,2M,Simbad,130.37795,18.871872,2.42
207,211910082,10.580589,10.892101,18.876821800275973,5.420012083001315,0.042476212552447316,129.89791337270933,10.137804,659687498990893056,KW196  ,1.16,10.55,9.33, 6.69, 0.6768,0,Y, 0.00761,       ,       , ,N,Y,N,    , 0.02476, 1.10203,D,10.58,2,1,All,2M,Simbad,129.89807,18.876901999999998,6.69
209,211910532,15.477041,16.699402,18.883927217367752,5.287877650340063,0.07311409636304667,129.3841142612496,14.3698845,659742367196651392,JS188  ,0.45,15.84,12.04,10.36, 0.3030,0,Y, 0.00824,       ,       , ,N,Y,Y,    , 0.00972, 0.27958,2,15.44,0,1,All,2M,Simbad,129.384292,18.88395,10.36
212,211910977,9.509775,9.74317,18.890317149769942,5.5038782927014624,0.04741153621845987,131.32485486496577,9.161867,660954067666386944,       ,1.41,9.45,8.6, 2.29, 0.5673,0,Y, 0.00805,       ,       , ,N,Y,N,    , 0.00326, 0.10369,2,9.56,1,1,All,2M,Simbad,131.32504,18.890366,2.29
214,211911179,12.399532,12.920285,18.893529142349067,5.333436191018886,0.03698414570057827,130.97763682781377,11.747338,660962863759344768,KW551  ,0.86,12.33,10.41,10.33, 0.3599,0,Y, 0.00881,       ,       , ,N,Y,N,    , 0.02880, 0.84974,K,12.38,1,2,All,2M,Simbad,130.977812,18.893589000000002,10.33
216,211911279,13.470006,14.223104,18.895188057833803,5.392594637427869,0.03824151028863759,129.17773670594016,12.635099,659722752082318976,JS145  ,0.69,13.48,10.84,12.84, 0.3497,0,Y, 0.00852,       ,       , ,N,Y,M,    , 0.00419, 0.10932,2,13.48,1,2,All,2M,Simbad,129.177904,18.895229,12.84
218,211911846,11.268625,11.654273,18.903257096470284,5.424587502525081,0.0981551549923949,130.19822404673846,10.745841,660998975844267264,KW336  ,1.05,11.24,9.69, 4.30, 0.5321,0,Y, 0.00774,       ,       , ,N,Y,M,    , 0.00692, 0.21412,D,11.27,2,2,All,2M,Simbad,130.198394,18.903306,4.3
226,211913330,12.192298,12.716358,18.924225793239266,5.766143076548369,0.04768252223231421,130.73769137457546,11.538565,661010314558042368,JS508  ,0.95,12.12,10.21,     ,       ,3, ,        ,       ,       , , , , ,    ,        ,        , ,12.17,1,2,All,2M,Simbad,130.73784799999999,18.92429,0.0
236,211913977,12.661921,13.219862,18.933820546043385,5.281824227339353,0.058894618784818296,130.34390973553488,11.978862,661004400386393984,KW390  ,0.82,12.6,10.54,10.62, 0.4776,0,N, 0.00916,       ,       , ,N,Y,N,    , 0.02812, 1.26723,D,12.62,1,2,All,2M,Simbad,130.344085,18.933875,10.62
238,211914098,14.976987,16.056597,18.935757786632855,5.510780385397173,0.05957239507136691,130.1174710081006,13.937261,661185755383916160,JS364  ,0.55,15.24,11.71,17.18, 0.3640,0,Y, 0.00741,       ,       , ,N,Y,N,    , 0.00726, 0.26196,P,15.02,0,2,All,2M,Simbad,130.117646,18.935817999999998,17.18
248,211915860,14.245193,15.3299885,18.96327430552156,5.446285322973668,0.06087757801149439,129.23422907696911,13.205085,659724195191319936,JS159  ,0.66,14.51,10.91, 4.82, 0.7817,0,Y, 0.00818,       ,       , ,N,Y,N,cand, 0.05049, 2.26565,P,14.28,1,2,All,2M,Simbad,129.23439199999999,18.963317,4.82
266,211918335,10.039619,10.389878,18.99978595012777,5.323903130731601,0.05891701068988439,130.00693505219215,9.570685,661190015991474688,KW244  ,1.36,9.78,8.7, 0.19, 0.9748,0,Y, 0.00721,       ,       , ,N,N,N,conf, 0.27984, 0.34339,2,10.04,1,1,All,2M,Simbad,130.007101,18.999848,0.19
268,211918547,13.444594,14.161642,19.002966349310114,5.405090878884155,0.028581735888109208,131.32973631851274,12.636133,661049862616788992,JS591  ,0.67,13.37,10.9,12.84, 0.7124,0,Y, 0.00903,       ,       , ,N,Y,N,    , 0.00772, 0.33975,D,13.46,2,2,All,2M,Simbad,131.329904,19.003022,12.84
272,211919747,13.275563,14.027562,19.021083731607355,5.308022418329839,0.07478196173528857,129.6549732468477,12.436792,659704266543218816,JS242  ,0.79,13.28,10.61,12.90, 0.9579,0,Y, 0.01116,       ,       , ,N,Y,N,    , 0.02422, 1.18035,K,13.28,1,2,All,2M,Simbad,129.65513700000002,19.021132,12.9
274,211920022,12.30935,12.888833,19.025130900124232,5.332635253300923,0.061822256751312164,130.02365258644954,11.593274,661190153430426880,KW256  ,1.0,12.3,10.01, 4.67, 0.4304,0,Y, 0.00849,       ,       , ,M,Y,M,cand, 0.06078, 2.22994,D,12.34,2,2,All,2M,Simbad,130.02381599999998,19.025183,4.67
282,211922849,15.21257,16.353338,19.066243539135517,5.4437557005757125,0.04606192758503254,130.9362135959318,14.14821,661018835773136512,JS550  ,0.51,15.45,11.87,19.39, 0.6880,0,Y, 0.00838,       ,       , ,N,N,N,    , 0.02170, 0.86279,2,15.27,0,2,All,2M,Simbad,130.936382,19.066274,19.39
288,211923502,13.057513,13.673925,19.075816399275777,5.090174977068548,0.02626999872271902,130.9313386167857,12.324292,661018904492612224,JS547  ,0.71,13.01,10.79,12.07, 0.3313,1,Y, 0.00808,       ,       , ,M,M,N,    , 0.00800, 0.20203,K,13.05,1,2,All,2M,Simbad,130.9315,19.075862,12.07
290,211923534,13.34352,14.031471,19.076344986017915,5.337480940548098,0.035815888054814934,129.21498437883108,12.554991,659760650873719040,JS152  ,0.68,13.3,10.85,12.02, 0.8158,0,Y, 0.00840,       ,       , ,N,Y,N,    , 0.01259, 0.62187,2,13.33,0,2,All,2M,Simbad,129.215155,19.0764,12.02
291,211923569,15.469457,16.665134,19.076739568512608,5.347649830284142,0.06097528172403463,128.30984333013726,14.380634,662661540505500160,JS 27  ,0.44,15.85,12.09,15.57, 0.8760,0,Y, 0.00861,       ,       , ,N,Y,M,    , 0.03915, 1.80835,2,15.28,0,2,All,2M,Simbad,128.310012,19.076810000000002,15.57
294,211924546,14.045742,14.923872,19.091075927084354,3.232614531343274,0.4717626489059861,129.2364812519744,13.052279,659760788312669568,JS160  ,0.64,14.1,10.97,14.88, 0.8209,0,Y, 0.00823, 1.1951, 0.0712,0,Y,N,N,cand, 0.01404, 0.62568,K,14.02,1,2,All,2M,Simbad,129.236655,19.091128,14.88
297,211925093,11.434957,11.8415575,19.099649730666968,5.480801093228761,0.036531337404346206,130.67690278963875,10.903215,661028662658249344,KW476  ,1.02,11.4,9.88, 8.69, 0.3977,0,Y, 0.00825,       ,       , ,M,Y,N,    , 0.00962, 0.37243,K,11.41,1,2,All,2M,Simbad,130.67701,19.0997,8.69
300,211925371,13.370219,14.101716,19.103901831705475,5.301821468492206,0.12016147740822038,129.37919688093862,12.547092,659750514750888192,JS186  ,0.72,13.34,10.77,13.12, 0.8750,0,Y, 0.00941,       ,       , ,N,Y,N,conf, 0.01455, 0.68789,2,13.37,0,1,All,2M,Simbad,129.37936499999998,19.103962,13.12
301,211925552,12.026661,12.505101,19.106819791131734,5.416343773349031,0.05260352319187796,129.4473044979523,11.414849,659755630055476992,KW 52  ,0.95,11.97,10.2, 9.33, 0.6514,0,Y, 0.00822,       ,       , ,N,Y,N,    , 0.01755, 0.80950,D,12.02,2,1,All,2M,Simbad,129.447466,19.106876,9.33
302,211925563,13.63673,14.395894,19.107022435384835,5.37618388179415,0.030762257426871047,130.3998073677706,12.795698,661008527851529728,JC259  ,0.64,13.62,10.98,13.48, 0.8568,0,Y, 0.00830,       ,       , ,N,Y,N,    , 0.02201, 1.07098,2,13.62,1,2,All,2M,Simbad,130.399967,19.10707,13.48
306,211926132,10.44719,10.747407,19.11555998141989,5.344843039182075,0.055877508519673054,129.80055741569296,10.014978,661207024061875456,KW162  ,1.18,10.42,9.26, 5.87, 0.5172,0,Y, 0.00826,       ,       , ,M,N,N,    , 0.01708, 0.57441,K,10.45,1,1,All,2M,Simbad,129.800723,19.115613,5.87
315,211927213,14.138555,15.039493,19.132081865590926,5.341012342067184,0.040152080071606804,129.35980731045353,13.209009,659750892708009088,JS180  ,0.61,14.18,11.19,14.66, 0.8720,0,Y, 0.00852,       ,       , ,N,Y,N,    , 0.02621, 1.20209,2,14.15,1,2,All,2M,Simbad,129.359979,19.132137,14.66
316,211927269,11.91954,12.365111,19.133036603310817,5.365351143031867,0.04381332401405781,130.66737535772427,11.337653,661029727808613760,KW471  ,0.96,11.88,10.19, 9.39, 0.9077,0,Y, 0.00782,       ,       , ,N,N,Y,    , 0.02046, 0.93806,K,11.91,1,2,All,2M,Simbad,130.66754699999998,19.133079000000002,9.39
317,211927313,9.687124,9.947457,19.133719837491167,5.345717315807044,0.07186879980824651,129.42635060275578,9.303324,659756493345357056,KW 47  ,1.42,9.68,8.58, 3.06, 0.2011,0,Y, 0.00843,       ,       , ,Y,N,N,conf, 0.00134, 0.02549,2,9.79,1,1,All,2M,Simbad,129.426516,19.133763000000002,3.06
319,211928486,13.096282,13.750752,19.15152647861368,5.31500011764345,0.025936664664915822,130.58352658328508,12.333684,661031480156796544,JS482  ,0.76,13.04,10.7,11.93, 0.5645,0,Y, 0.00772,       ,       , ,N,Y,N,    , 0.00636, 0.31742,D,13.08,2,2,All,2M,Simbad,130.583682,19.151555,11.93
327,211929531,11.908672,12.359225,19.167516307438163,5.457489724762996,0.04037789495171565,130.7598999376483,11.322878,661029384212747392,KW492  ,0.98,11.84,10.16, 9.89, 0.6509,0,Y, 0.00794,       ,       , ,N,Y,N,    , 0.00489, 0.19752,2,11.88,1,2,All,2M,Simbad,130.760069,19.167569,9.89
331,211930233,13.162781,13.820363,19.178047241090972,5.671465660625586,0.058584412290064225,129.26423863014006,12.398697,659763880689114240,JC 85  ,0.75,13.12,10.73,19.02, 0.5913,0,Y, 0.00909,       ,       , ,N,Y,N,    , 0.00412, 0.22391,2,13.17,1,2,All,2M,Simbad,129.264414,19.178107,19.02
332,211930461,13.977336,14.762574,19.18176030654177,5.368220970408822,0.037057546632043685,130.08873804821644,13.008115,661211147230556160,JC201  ,0.73,13.49,10.76,14.59, 0.8391,0,Y, 0.00816,       ,       , ,N,Y,Y,conf, 0.00934, 0.38429,2,13.49,0,1,All,2M,Simbad,130.088905,19.181773,14.59
334,211930699,14.082102,14.955618,19.185155127890223,5.33810759029532,0.03699336324798275,129.1515782774667,13.166198,659765220718853504,JS140  ,0.61,14.14,11.2, 6.74, 0.5576,0,Y, 0.00791,       ,       , ,N,Y,N,    , 0.00852, 0.31879,K,14.09,1,2,All,2M,Simbad,129.151777,19.185206,6.74
335,211931128,12.129682,12.618116,19.191431003420053,5.4736885976369525,0.047990040625786705,129.0943734105261,11.507107,659766114072052608,JS127  ,0.92,12.07,10.26, 9.79, 0.4775,0,Y, 0.00970,       ,       , ,N,Y,N,    , 0.01110, 0.49757,D,12.15,2,2,All,2M,Simbad,129.094558,19.191485,9.79
336,211931411,13.822029,14.720328,19.196336122463503,5.188264684798015,0.04218077314424982,130.45545524400134,12.884872,661220080762501120,JS456  ,0.69,13.9,10.83,13.66, 0.5185,0,Y, 0.00897, 6.7677, 0.2971,0,Y,Y,N,cand, 0.01325, 0.65215,K,13.8,1,2,All,2M,Simbad,130.455617,19.196386999999998,13.66
340,211931736,9.375362,9.601648,19.2015758101952,5.270606143650803,0.06948841262320074,129.9917792188454,9.037168,661206577385260800,KW227  ,1.47,9.16,8.48,     ,       ,2, ,        ,       ,       , , , , ,    ,        ,        , ,9.52,1,1,All,2M,Simbad,129.991944,19.201646,0.0
344,211932539,13.259915,13.941359,19.21346366460626,5.335183792500896,0.02176222087754604,130.55125967986734,12.475716,661034155919816960,JS473  ,0.69,13.21,10.83,13.48, 0.2505,0,Y, 0.00790,       ,       , ,N,Y,N,    , 0.00249, 0.06164,2,13.22,1,2,All,2M,Simbad,130.551402,19.213511999999998,13.48
346,211932810,14.64477,15.645852,19.21773280393958,5.167254243278057,0.052965812067834434,129.94386131546725,13.65025,661209566682500736,JS317  ,0.58,14.86,11.51,15.90, 0.7411,0,Y, 0.00916,       ,       , ,N,Y,Y,    , 0.01485, 0.62324,2,14.64,1,2,All,2M,Simbad,129.944042,19.217772,15.9
348,211932923,12.571798,13.131667,19.219369329278564,5.350560231264924,0.05690616774959964,130.10919858798016,11.880546,661211727047722752,JS359  ,0.84,12.52,10.46,10.69, 0.5956,0,Y, 0.00779,       ,       , ,N,Y,Y,conf, 0.01900, 0.86598,K,12.54,1,2,All,2M,Simbad,130.109376,19.219424,10.69
350,211933215,10.448848,10.781367,19.223676048170468,3.7902379830901625,0.4074964245874128,130.1744241166329,9.98553,661200083392683648,KW325  ,1.22,10.41,9.06, 6.11, 0.5571,0,Y, 0.00774,       ,       , ,N,Y,N,conf, 0.00986, 0.34675,K,10.46,1,1,All,2M,Simbad,130.174592,19.223741,6.11
352,211933636,15.485078,16.717396,19.229953308462164,5.352086388322725,0.06971703861547712,129.03723303033337,14.380711,662768914687563776,JS110  ,0.45,15.83,12.04,18.55, 0.7656,0,Y, 0.00881,       ,       , ,N,N,N,    , 0.01938, 0.81989,P,15.3,0,2,All,2M,Simbad,129.037427,19.230019,18.55
353,211934056,11.645328,12.061308,19.236161145661388,5.35752968095414,0.05273806637192669,129.4874834787187,11.094905,659758967246506880,KW 70  ,1.0,11.6,10.04, 9.05, 0.6929,0,Y, 0.00910,       ,       , ,N,Y,Y,    , 0.02019, 0.80429,K,11.64,1,1,All,2M,Simbad,129.487641,19.236217,9.05
359,211935509,11.136783,11.4985075,19.2573050700223,4.909265531873927,0.09806625597082066,129.20385490138537,10.640612,659768038217395968,KW539  ,1.05,11.11,9.69, 7.49, 0.6029,0,Y, 0.00743,       ,       , ,N,Y,Y,conf, 0.01055, 0.48428,D,11.04,2,1,All,2M,Simbad,129.204023,19.257351999999997,7.49
360,211935518,11.219938,11.612459,19.25733235544234,5.35114315345601,0.03566597380112481,130.4764180992273,10.70314,661220969817342848,KW434  ,1.05,11.13,9.64, 4.18, 0.6546,0,Y, 0.00868,       ,       , ,N,Y,N,conf, 0.05169, 2.09998,K,11.18,1,1,All,2M,Simbad,130.476516,19.257417999999998,4.18
365,211935711,13.796629,14.610579,19.260442114876497,5.538927832829525,0.04761992787228061,129.90162922771256,12.91936,661210666194127360,JS302  ,0.63,13.81,11.01,17.68, 0.2750,1,Y, 0.00902, 7.0870, 0.0966,1,Y,N,N,    , 0.00390, 0.11163,2,13.83,1,2,All,2M,Simbad,129.90181,19.260507,17.68
367,211936017,13.090208,13.73271,19.265020053614993,5.289528594267631,0.03433975454010516,129.4008490385145,12.339576,659770340319909760,       ,0.73,13.05,10.76,11.79, 0.4441,0,N, 0.00825,       ,       , ,N,Y,N,    , 0.01441, 0.73502,K,13.08,0,1,All,2M,Simbad,129.401006,19.265076999999998,11.79
370,211936067,12.76994,13.343747,19.265725859715143,5.49049205926498,0.045289629729555275,130.41244349438702,12.060647,661221828810801408,KW415  ,0.81,12.7,10.57,10.29, 0.0911,1,Y, 0.00848, 5.3752, 0.0436,1,Y,N,Y,    , 0.02332, 0.34806,K,12.73,1,2,All,2M,Simbad,130.41261200000002,19.265773,10.29
372,211936168,10.0419855,10.316393,19.267233280270155,5.436498007937776,0.04416731404945536,130.43938534137058,9.64214,661221760091324544,KW421  ,1.24,10.03,8.93, 4.90, 0.1660,0,N, 0.00884,       ,       , ,Y,Y,N,    , 0.00333, 0.08116,2,10.07,1,1,All,2M,Simbad,130.439555,19.267289,4.9
374,211936199,13.025415,13.723961,19.267690058826368,5.391682198079171,0.06400251090615706,130.5534099385534,12.225928,661222279785744512,JS474  ,0.84,13.0,10.48,10.77, 0.7045,0,Y, 0.00762,       ,       , ,N,Y,Y,    , 0.00527, 0.20364,2,13.0,1,2,All,2M,Simbad,130.553573,19.267734,10.77
379,211936827,11.928089,12.38725,19.27695703322184,5.444306647483477,0.031430406240842666,130.54774400019068,11.33461,661222279785743616,KW448  ,0.97,11.87,10.17, 7.89, 0.6878,0,Y, 0.00861,       ,       , ,N,Y,N,    , 0.03040, 1.21676,K,11.9,1,2,All,2M,Simbad,130.54791,19.277002,7.89
383,211936906,11.008219,11.359286,19.277983892034776,5.172223400870936,0.07161060482079512,130.1141587359789,10.529177,661212933936844416,KW301  ,1.05,10.98,9.65, 8.76, 0.1706,1,Y, 0.00780,       ,       , ,Y,M,Y,    , 0.01019, 0.20194,K,11.02,1,1,All,2M,Simbad,130.11433200000002,19.278038000000002,8.76
385,211937293,15.078538,16.219368,19.283770756326454,5.373238204651042,0.05459631612496702,129.7301010822795,14.016218,661257154920147072,JS256  ,0.54,15.39,11.74,18.11, 0.2231,0,Y, 0.00794,       ,       , ,N,N,N,    , 0.02498, 0.51931,2,15.04,0,2,All,2M,Simbad,129.730286,19.283811,18.11
387,211937468,15.652394,16.90842,19.286476083087077,5.468079785987518,0.08370221098483661,129.81344055828734,14.523178,661257704675956480,JS281  ,0.41,16.06,12.21,17.27, 0.3341,0,Y, 0.00779,       ,       , ,N,N,N,    , 0.01182, 0.33829,2,15.22,0,2,All,2M,Simbad,129.813647,19.286523000000003,17.27
394,211937872,14.043833,14.953545,19.29224980801256,5.246427182200562,0.02721536327041575,130.67515744897014,13.102424,661040070091376512,JS497  ,0.63,14.08,11.05,13.72, 0.7545,0,Y, 0.00803,       ,       , ,Y,Y,N,    , 0.02538, 1.04003,P,14.09,1,2,All,2M,Simbad,130.67531599999998,19.292293,13.72
398,211938509,14.743064,15.758614,19.302219981223566,5.456425448907137,0.031958194646894346,130.43269703433262,13.741451,661222073627319296,JS452  ,0.56,14.97,11.64,16.70, 0.7690,0,Y, 0.00924,       ,       , ,N,Y,N,    , 0.01267, 0.57504,2,14.73,1,2,All,2M,Simbad,130.432862,19.302279000000002,16.7
402,211938625,14.134486,15.047886,19.30390498762085,4.939135836375447,0.05562543199156961,133.44432561426513,13.18953,660478013490829056,AD 4129,0.62,14.25,11.16,13.79, 0.9182,0,Y, 0.00912,       ,       , ,N,Y,Y,    , 0.02938, 1.39020,K,14.21,1,2,All,2M,Simbad,133.444496,19.303963,13.79
406,211938860,10.803354,11.207369,19.307312071249807,5.335657202745391,0.07358751145667182,130.0263208823676,10.266122,661216369910684544,KW257  ,1.19,10.56,9.23, 7.80, 0.6897,0,Y, 0.00884,       ,       , ,N,Y,N,cand, 0.01083, 0.44869,K,10.8,1,2,All,2M,Simbad,130.02650400000002,19.307367000000003,7.8
414,211939015,13.80527,14.669053,19.309590657750164,5.181008469663594,0.042184129537139625,130.002789498072,12.897612,661216404270424832,JS329  ,0.66,13.68,10.92,14.24, 0.8377,0,Y, 0.00847, 3.0847, 0.0645,0,Y,N,N,    , 0.01220, 0.56800,K,13.81,0,2,All,2M,Simbad,130.002964,19.309642,14.24
417,211939206,10.111774,10.386767,19.31257951651948,5.398762150780874,0.06600017660704931,129.9679027979161,9.709771,661216743570426240,KW217  ,1.23,9.89,9.01, 3.14, 0.4924,1,Y, 0.01013,       ,       , ,M,Y,Y,    , 0.00837, 0.31412,K,10.14,1,1,All,2M,Simbad,129.968081,19.312641,3.14
426,211939484,15.591555,16.843998,19.316788768464406,5.3549118193865946,0.06024427112898475,131.46982843202557,14.46964,661075490685321344,AD 3461,0.44,15.98,12.1,     ,       ,2, ,        ,       ,       , , , , ,    ,        ,        , ,15.85,0,2,All,2M,Simbad,131.470013,19.316853,0.0
430,211940093,12.122607,12.617868,19.326187934798224,5.460101591533724,0.06473211885825822,129.75933089176533,11.498594,661258872906952320,KW141  ,0.92,12.05,10.26, 4.89, 0.6536,1,Y, 0.00853,       ,       , ,N,Y,N,    , 0.01327, 0.50634,D,12.11,2,2,All,2M,Simbad,129.759509,19.326245,4.89
437,211941071,14.702543,15.824274,19.341270187055883,6.452835427213862,0.2677414386024221,128.36235641791166,13.629646,662807019637235840,JS 35  ,0.6,14.97,11.35,15.74, 0.6204,0,Y, 0.00844,       ,       , ,N,Y,N,cand, 0.00647, 0.28548,2,14.74,0,2,All,2M,Simbad,128.362526,19.341324,15.74
439,211941802,14.130426,15.023406,19.352408918486766,5.492014641770015,0.03836437943128256,127.71243475138101,13.205732,662912813272290688,HSHJ 7 ,0.61,14.17,11.19,14.11, 0.8910,0,Y, 0.00740,       ,       , ,N,Y,N,    , 0.01907, 0.89003,K,14.11,1,2,All,2M,Simbad,127.71260900000001,19.352466,14.11
440,211942703,10.717511,11.091063,19.365333403040232,7.941117912639369,1.037751495526656,129.5592828408442,10.204588,661273127901086336,KW 90  ,1.19,10.66,9.19,     ,       ,2, ,        ,       ,       , , , , ,cand,        ,        ,K,10.73,1,1,All,2M,Simbad,129.559429,19.365397,0.0
442,211942823,10.517451,10.825531,19.366929351720295,5.314300387369809,0.06084282052284774,129.94045703450104,10.075517,661264439184662016,KW208  ,1.18,10.51,9.26, 5.79, 0.4006,0,Y, 0.00803,       ,       , ,M,Y,M,    , 0.01456, 0.48241,D,10.54,2,1,All,2M,Simbad,129.94063300000002,19.366989999999998,5.79
446,211943613,14.9130745,15.998531,19.37883652574657,5.5244185622449296,0.04760335431294444,130.22408528592135,13.872385,661238635021126656,JS394  ,0.56,15.14,11.63,16.51, 0.7500,0,Y, 0.00754,       ,       , ,N,M,N,    , 0.00856, 0.37177,2,14.92,0,2,All,2M,Simbad,130.22426299999998,19.378904000000002,16.51
452,211944662,20.216244,20.945498,19.394010372678352,0.01233193311802016,0.9621002206219724,130.7763584804788,18.81645,661043059388602240,       ,0.12,21.19,15.4,     ,       ,2, ,        ,       ,       , , , , ,    ,        ,        , ,17.97,1,1,All,2M,Simbad,130.776579,19.394138,0.0
454,211944807,10.845135,11.183828,19.396130621998704,5.13692879185418,0.10220059601142557,130.63423705351917,10.374809,661229564050262528,KW466  ,1.12,10.81,9.46,10.02, 0.4176,0,Y, 0.00761,       ,       , ,N,Y,N,conf, 0.01421, 0.52601,K,10.82,0,1,All,2M,Simbad,130.634386,19.39619,10.02
467,211945852,11.296658,11.577558,19.412160556781835,3.4639111111483114,0.03536999426830056,130.44890821810546,10.879398,661228189660736768,KW425  ,0.99,11.29,10.1,     ,       ,2, ,        ,       ,       , , , , ,conf,        ,        , ,11.29,1,1,All,2M,Simbad,130.449029,19.412182,0.0
475,211946055,12.636706,13.159648,19.414881791127197,4.684091089919376,0.0588892491500335,129.46574058592603,11.982698,661277186647511936,KW 60  ,0.79,12.57,10.62,17.48, 0.4499,1,Y, 0.00992,       ,       , ,M,Y,N,    , 0.00331, 0.10709,2,12.62,1,1,All,2M,Simbad,129.46588,19.414932,17.48
478,211946212,14.976298,16.213638,19.416950300696637,5.372766875600717,0.05864249576251994,129.35066395851604,13.868524,659777074828577024,JS178  ,0.58,15.34,11.54,16.42, 0.7059,0,Y, 0.00771,       ,       , ,N,Y,Y,cand, 0.01090, 0.48942,2,14.96,0,2,All,2M,Simbad,129.350827,19.416985999999998,16.42
479,211946518,14.006324,14.86049,19.421687033069745,5.323559040745056,0.043302308391765035,129.67258822288565,13.105363,661263305313199360,JS244  ,0.61,14.02,11.19,14.45, 0.8915,0,Y, 0.00756,       ,       , ,N,N,N,    , 0.01598, 0.71469,2,14.03,1,2,All,2M,Simbad,129.672744,19.421747,14.45
485,211947006,12.4796915,12.979278,19.42847270660437,5.343561417943662,0.05111349838276484,132.57710676194753,11.8437395,660700561516668288,AD 3767,0.82,12.44,10.53, 8.44, 0.8547,0,Y, 0.00814,       ,       , ,N,N,N,    , 0.00645, 0.29647,K,12.51,1,2,All,2M,Simbad,132.577259,19.428522,8.44
487,211947170,13.360302,14.06681,19.430635578585445,5.37770786885866,0.02564324376713516,128.32325785608708,12.556936,662811653905586176,JS 31  ,0.68,13.32,10.86,11.93, 0.2068,0,Y, 0.00813,       ,       , ,N,Y,N,    , 0.01248, 0.42099,K,13.38,1,2,All,2M,Simbad,128.323417,19.430682,11.93
488,211947631,9.772595,10.11399,19.43752391563055,4.948237864065338,0.11738093482519121,130.77458470915167,9.309724,661043746583366272,KW495  ,1.49,9.74,8.46, 4.74, 0.5964,0,Y, 0.00816,       ,       , ,N,Y,N,    , 0.01742, 0.67219,2,9.84,0,1,All,2M,Simbad,130.774748,19.437567,4.74
490,211947686,10.504278,10.8121395,19.438287559279452,5.328084491204285,0.08271532955321527,129.4440450897462,10.066418,661277461525418752,KW 49  ,1.18,10.48,9.28, 5.94, 0.9111,0,Y, 0.00855,       ,       , ,N,Y,N,    , 0.02823, 1.30146,K,10.52,1,1,All,2M,Simbad,129.444214,19.438341,5.94
491,211947849,12.36487,12.869843,19.440804154626942,5.345567108831743,0.060190856251072594,129.9096938971486,11.684354,661265951013145344,KW198  ,0.9,12.27,10.29,11.17, 0.7836,0,Y, 0.00839,       ,       , ,N,Y,Y,conf, 0.00704, 0.30280,K,12.36,0,2,All,2M,Simbad,129.909869,19.440869,11.17
497,211948267,12.180412,12.66864,19.446863312317365,5.5214748198654675,0.049976609578732276,130.2800227493134,11.556629,661239390935360512,KW363  ,0.9,12.13,10.29,10.08, 0.1470,0,Y, 0.00823,       ,       , ,N,Y,Y,    , 0.01167, 0.40370,K,12.19,0,2,All,2M,Simbad,130.28018899999998,19.446919,10.08
501,211949039,13.394865,14.1566725,19.458548270609562,5.6084415550350775,0.11279531787122062,130.06443261358865,12.545481,661219840244243200,JS349  ,0.76,13.12,10.69,11.97, 0.8585,0,Y, 0.00826,       ,       , ,N,Y,N,    , 0.01172, 0.50508,2,13.4,1,2,All,2M,Simbad,130.064599,19.458621,11.97
503,211949049,13.233579,13.91631,19.458607465142247,5.36833275312423,0.0295096145500466,130.45061695649596,12.442902,661234473194513664,JS455  ,0.75,13.11,10.73,11.21, 0.7319,0,Y, 0.00802,       ,       , ,N,Y,M,    , 0.01192, 0.53860,K,13.2,0,2,All,2M,Simbad,130.45076699999998,19.45867,11.21
505,211949097,10.327291,10.645852,19.459289444528867,5.337426079104807,0.07223184862707473,129.85391358839905,9.874095,661268940310277888,KW181  ,1.23,10.13,9.0, 3.94, 0.3258,0,Y, 0.00799,       ,       , ,M,M,Y,conf, 0.00867, 0.24664,K,10.35,1,1,All,2M,Simbad,129.854089,19.459354,3.94
511,211949471,10.545065,10.851832,19.464710489856884,5.213290768964899,0.05319158281373091,130.09448789172427,10.102331,661243273585807872,KW288  ,1.16,10.27,9.34, 6.84, 0.5147,0,Y, 0.00797,       ,       , ,N,Y,Y,    , 0.00492, 0.17923,K,10.59,1,1,All,2M,Simbad,130.094662,19.464774,6.84
513,211949501,14.593724,15.586248,19.465118824205433,5.340288623776136,0.033958248374092226,130.77186078270924,13.608244,661231625634645504,JS513  ,0.58,14.77,11.55,16.33, 0.5835,0,Y, 0.00893,       ,       , ,N,Y,N,    , 0.00697, 0.32330,2,14.65,1,2,All,2M,Simbad,130.772025,19.465165,16.33
518,211950081,11.375244,11.86125,19.473596188208052,5.416421187196803,0.0726240616147328,129.86893372449123,10.770476,661269043386545536,KW184  ,1.09,11.14,9.53,10.22, 0.3209,0,N, 0.00889,       ,       , ,M,Y,N,conf, 0.00545, 0.21638,K,11.38,1,2,All,2M,Simbad,129.869108,19.473663000000002,10.22
520,211950227,9.741808,9.992881,19.475708151881754,5.359693205522584,0.05580438666511829,130.10625269727572,9.371742,661243307945543936,KW293  ,1.33,9.77,8.76,     ,       ,3, ,        ,       ,       , , , , ,    ,        ,        ,D,9.82,2,1,All,2M,Simbad,130.106426,19.475770999999998,0.0
525,211950703,10.172423,10.450608,19.483159241781873,5.250760930274734,0.07300892508667753,130.21868826258154,9.769789,661242861268936704,KW341  ,1.22,9.93,9.05, 3.82, 0.2884,0,Y, 0.00772,       ,       , ,M,Y,N,conf, 0.00499, 0.13437,K,10.21,1,1,All,2M,Simbad,130.218848,19.483220000000003,3.82
529,211950844,14.4474535,15.389,19.485462737046117,5.370224009182044,0.050713898052928134,129.90172889867688,13.4830675,661270486498500352,JS301  ,0.6,14.37,11.39,16.16, 0.8379,0,Y, 0.00916,       ,       , ,N,Y,N,    , 0.01135, 0.52784,K,14.4,1,2,All,2M,Simbad,129.901902,19.485535000000002,16.16
533,211950897,13.327679,14.177754,19.48616120399945,4.64000698396333,0.0878548744182334,129.31801133379815,12.429156,662780047242756608,JS172  ,0.84,13.34,10.47,13.12, 0.4954,0,Y, 0.00801,       ,       , ,M,Y,Y,cand, 0.01599, 0.47929,2,13.34,0,2,All,2M,Simbad,129.31818,19.486209,13.12
534,211950941,13.3710375,14.083954,19.486841784081545,5.41130026341994,0.035192538227767585,129.35979224463196,12.569235,664281018054115968,JS179  ,0.69,13.34,10.83,12.32, 0.8672,0,Y, 0.00816,       ,       , ,N,Y,N,    , 0.02108, 0.91264,K,13.38,1,2,All,2M,Simbad,129.35995,19.486895,12.32
547,211952381,9.982521,10.25155,19.50885586138721,5.355577500320106,0.04495695648037169,130.29159591383626,9.588753,661244270018200192,KW371  ,1.25,9.76,8.91, 3.06, 0.2849,0,Y, 0.00780,       ,       , ,M,Y,N,cand, 0.00634, 0.16768,K,10.03,1,1,All,2M,Simbad,130.29175,19.508913,3.06
550,211952707,15.031652,16.133556,19.5140543754538,5.257287498211621,0.059795171949913045,129.45746273942743,13.985428,661279042073291776,JS200  ,0.54,15.33,11.78,15.41, 0.6370,0,Y, 0.00777,       ,       , ,N,Y,N,    , 0.02617, 1.17243,2,14.99,0,1,All,2M,Simbad,129.457607,19.514092,15.41
555,211953172,13.157662,13.820662,19.520483545325238,5.410946201218841,0.0253294603137214,130.4056985661868,12.387106,661246675199973504,JS445  ,0.75,12.96,10.73,13.48, 0.6871,0,Y, 0.00816,       ,       , ,N,Y,N,    , 0.00298, 0.11492,2,13.17,1,2,All,2M,Simbad,130.405871,19.520529999999997,13.48
557,211953263,15.271186,16.482563,19.521608170650026,5.323903170325144,0.05584234337428918,129.384972281191,14.169763,664281396011231744,JS187  ,0.53,15.51,11.79, 1.80, 0.5168,0,Y, 0.00738,       ,       , ,N,Y,Y,    , 0.02977, 1.56546,P,15.23,0,1,All,2M,Simbad,129.38513899999998,19.521625,1.8
558,211953336,13.331757,14.024988,19.522633654034315,5.2776820959245185,0.03481048785757124,129.76698075589215,12.539829,661282031370596608,JS267  ,0.68,13.13,10.86,12.63, 0.4746,0,Y, 0.00876,       ,       , ,M,Y,N,    , 0.00588, 0.25588,K,13.34,0,2,All,2M,Simbad,129.76711799999998,19.522683999999998,12.63
560,211953521,12.843854,13.466701,19.525472673300026,5.726914695379278,0.06641921796568877,128.9992926425906,12.112083,662794787570424448,JS104  ,0.81,12.79,10.57,11.83, 0.7782,0,Y, 0.00837,       ,       , ,N,Y,N,    , 0.01176, 0.49536,K,12.85,1,2,All,2M,Simbad,128.999477,19.525529000000002,11.83
561,211953567,11.598381,11.999854,19.52623384669599,5.351642021830084,0.037950329149766204,130.79469657450278,11.061939,661325908755275648,KW498  ,1.0,11.61,10.01, 9.11, 0.8334,0,Y, 0.00775,       ,       , ,N,Y,N,    , 0.02370, 1.13066,K,11.6,0,2,All,2M,Simbad,130.794806,19.526288,9.11
567,211954550,9.717248,9.965806,19.54240922775571,5.402724173214852,0.04405679792738303,130.3622455805399,9.349432,661247671632285312,KW396  ,1.35,9.72,8.72, 3.59, 0.1655,0,N, 0.00846,       ,       , ,Y,N,Y,    , 0.00159, 0.03335,2,9.8,1,1,All,2M,Simbad,130.362412,19.54247,3.59
569,211954593,9.665733,9.90531,19.543128679222626,5.351294560133443,0.03884398262302135,130.66950009424806,9.306224,661235989321322240,KW472  ,1.35,9.67,8.72, 0.41, 0.1292,0,N, 0.00775, 0.6202, 0.1111,1,Y,N,Y,    , 0.00138, 0.00500,2,9.84,0,1,All,2M,Simbad,130.669671,19.543193,0.41
575,211955036,11.630432,12.03847,19.550521535604663,5.3931755118504405,0.07391673722047262,129.9616545866554,11.072727,661271238116475648,KW213  ,1.01,11.24,10.0,     ,       ,2, ,        ,       ,       , , , , ,    ,        ,        , ,11.59,1,1,All,2M,Simbad,129.961812,19.550575,0.0
580,211955365,10.646946,10.976635,19.55544496496964,5.550311918676027,0.04208228399629879,127.7309189460818,10.191896,662925629454594944,       ,1.15,10.62,9.37, 6.81, 0.2193,1,Y, 0.00861,       ,       , ,M,Y,N,    , 0.01863, 0.50290,K,10.63,1,1,All,2M,Simbad,127.73113300000001,19.555497,6.81
583,211955417,13.810373,14.271191,19.55621872883214,4.707414869119777,0.13242630727785756,129.20635261122806,12.411787,662784307849089536,JS150  ,0.91,13.42,10.28,12.02, 0.7542,0,Y, 0.00925,       ,       , ,Y,Y,N,cand, 0.03674, 1.41072,K,13.32,1,2,All,2M,Simbad,129.206536,19.55636,12.02
585,211955820,9.593673,9.882283,19.56249490305692,4.837416624293646,0.2073255576937168,129.36627059411407,9.179854,664282667321547008,KW 31  ,1.48,9.58,8.46, 3.62, 0.3628,0,N, 0.00805, 6.6040, 0.2397,0,Y,N,N,cand, 0.00400, 0.11457,2,9.92,1,1,All,2M,Simbad,129.366423,19.562551000000003,3.62
586,211956059,11.168357,11.543504,19.565950469664948,5.434498925342303,0.05944752601971043,130.1768415850325,10.67121,661292511090872960,KW326  ,1.05,10.89,9.71, 8.28, 0.7527,0,Y, 0.00840,       ,       , ,N,Y,N,    , 0.01693, 0.73338,K,11.2,1,2,All,2M,Simbad,130.177,19.566007,8.28
588,211956407,13.651216,14.428725,19.571322283855007,5.482192494411884,0.05810255250955947,129.722911252144,12.800969,661283199601699328,JC137  ,0.64,13.66,10.97,13.98, 0.1751,1,Y, 0.00852,       ,       , ,M,Y,N,    , 0.00342, 0.08010,2,13.66,1,2,All,2M,Simbad,129.72306,19.571368,13.98
596,211956852,12.577033,13.114691,19.57785965490819,5.336596430721749,0.07108944674965277,129.99976050600668,11.907832,661294705815866240,KW237  ,0.81,12.19,10.55,10.73, 0.6081,0,Y, 0.00795,       ,       , ,N,Y,Y,    , 0.01908, 0.93461,K,12.56,1,2,All,2M,Simbad,129.999923,19.577916000000002,10.73
598,211956984,9.578424,9.813702,19.579914583680512,5.136094209689484,0.10079147265873761,130.68489438246985,9.225784,661329958907430272,KW478  ,1.39,9.58,8.63, 0.48, 0.0788,0,N, 0.00842,       ,       , ,Y,N,Y,    , 0.00120, 0.01562,2,9.63,1,1,All,2M,Simbad,130.68506200000002,19.579959,0.48
602,211958260,12.092326,12.574104,19.599243574398134,5.498632882055974,0.06525271274883193,129.4432180536987,11.477835,664283522018090496,KW 48  ,0.93,12.02,10.24, 9.45, 0.5452,0,Y, 0.00830,       ,       , ,N,Y,N,    , 0.01552, 0.71245,D,12.1,2,1,All,2M,Simbad,129.443379,19.599293,9.45
610,211959273,13.37926,14.019817,19.613721682653672,4.528565601887384,0.0448538455284267,129.74291311288562,12.628236,661283573261540608,JS261  ,0.63,13.33,11.04,14.31, 0.6238,0,Y, 0.00799, 6.6186, 0.1886,1,M,Y,N,    , 0.00786, 0.30516,K,13.38,1,2,All,2M,Simbad,129.743031,19.613771,14.31
615,211959522,11.456929,11.870549,19.617509545177178,5.591866132282012,0.08253643576930121,129.36463651468983,10.908943,664283079638402688,KW 32  ,1.04,11.42,9.81, 8.86, 0.5272,0,Y, 0.00797,       ,       , ,N,Y,N,    , 0.02272, 0.99696,D,11.44,2,2,All,2M,Simbad,129.36479,19.61753,8.86
616,211959779,11.802105,12.230979,19.621360973794015,5.245219181855012,0.05843452331064873,130.04017466486263,11.233736,661295324291154816,KW263  ,0.98,11.41,10.13, 7.97, 0.6200,0,Y, 0.00742,       ,       , ,M,Y,N,    , 0.01222, 0.57449,K,11.8,1,2,All,2M,Simbad,130.04034,19.621426,7.97
618,211959786,12.32316,12.824671,19.621441484737264,5.3118846552408625,0.05584890625206451,129.05857762295463,11.683719,662797806930496256,KW532  ,0.88,12.26,10.36,10.93, 0.4387,1,Y, 0.00798, 4.8307, 0.2234,1,Y,Y,Y,    , 0.00446, 0.15877,K,12.3,1,1,All,2M,Simbad,129.058729,19.621492,10.93
619,211959857,15.040217,16.140924,19.62284730582616,5.289621096936189,0.03872590755454569,130.33502744438908,13.994746,661251210685333120,JS427  ,0.53,15.38,11.79,18.11, 0.3828,0,Y, 0.00824,       ,       , ,N,N,N,    , 0.01874, 0.50755,2,15.09,1,2,All,2M,Simbad,130.335176,19.622920999999998,18.11
621,211959869,11.830334,12.364635,19.62310049187518,5.291424811780888,0.05066049420226155,130.68199456779675,11.170235,661331131435476608,KW474  ,1.04,11.8,9.8,10.58, 0.8053,0,Y, 0.00880,       ,       , ,N,Y,Y,cand, 0.01055, 0.45941,K,11.84,1,2,All,2M,Simbad,130.682155,19.623157,10.58
622,211960587,11.973501,12.435921,19.633534937500432,5.33734520749399,0.05105257125726649,130.13926737762782,11.374699,661293812462666240,KW313  ,0.97,11.63,10.17, 8.97, 0.7138,0,Y, 0.00896,       ,       , ,N,Y,Y,    , 0.01705, 0.73290,D,11.99,2,2,All,2M,Simbad,130.13943500000002,19.633601000000002,8.97
624,211960649,13.161329,13.817092,19.63458864992295,5.358150561277696,0.02436157243819107,130.33284782802195,12.396468,661251966599576576,A 575  ,0.73,13.11,10.76,11.74, 0.9088,0,Y, 0.00961,       ,       , ,N,Y,N,    , 0.01454, 0.70694,K,13.17,0,2,All,2M,Simbad,130.333014,19.634646,11.74
626,211961037,12.634912,13.184212,19.640532465940304,5.315811271810681,0.05736682913032507,128.93799923113374,11.956104,662800456927247744,JS 96  ,0.82,12.57,10.54,10.97, 0.6559,0,Y, 0.00866,       ,       , ,N,Y,Y,    , 0.02273, 1.03428,K,12.64,1,2,All,2M,Simbad,128.938167,19.640582000000002,10.97
629,211966629,12.879114,13.505226,19.725577742997608,4.839838828074438,0.05258480117514678,130.98618095599906,12.139562,661335288963844736,JS556  ,0.82,12.86,10.53,11.97, 0.5126,0,Y, 0.00880,       ,       , ,N,Y,N,    , 0.01370, 0.62185,K,12.91,1,2,All,2M,Simbad,130.986338,19.725627,11.97
632,211967293,11.979385,12.433629,19.734721686980855,5.280225401539204,0.04028821394457708,130.236052405061,11.3867035,661300993647979776,KW349  ,0.95,11.7,10.21, 9.11, 0.7788,0,Y, 0.00822,       ,       , ,N,Y,N,    , 0.00931, 0.41511,K,11.99,1,2,All,2M,Simbad,130.236213,19.734779999999997,9.11
634,211967873,12.092301,12.578686,19.743763017978694,5.606238967763294,0.04326600972979678,130.88476939521036,11.471881,661338858079663488,KW514  ,0.94,12.06,10.22,10.15, 0.4024,0,Y, 0.00804,       ,       , ,N,Y,N,    , 0.01167, 0.43198,D,12.08,2,2,All,2M,Simbad,130.884927,19.743816,10.15
636,211968029,15.253603,16.424728,19.745794585392304,5.312599462226932,0.07525914549494862,130.49712535925366,14.168581,661347727189029504,JS468  ,0.5,15.63,11.89,16.61, 0.7436,0,Y, 0.00795,       ,       , ,N,N,Y,    , 0.02199, 0.95905,P,14.98,0,2,All,2M,Simbad,130.497265,19.745855,16.61
638,211968088,10.780605,11.111537,19.746630608891962,5.397323334452173,0.04271970673826135,130.36935419470484,10.317378,661301444622810368,KW399  ,1.12,10.78,9.47, 7.57, 0.3273,0,N, 0.00830,       ,       , ,N,Y,Y,conf, 0.01115, 0.29100,K,10.83,1,1,All,2M,Simbad,130.369517,19.746681,7.57
640,211968228,15.195505,16.32508,19.748837528770274,5.5021138114810215,0.060040267069842675,130.05727677424738,14.119636,661298833282624000,KW573  ,0.5,15.16,11.88,21.32, 0.3934,0,Y, 0.00972,       ,       , ,N,Y,Y,    , 0.01214, 0.40366,2,15.21,1,2,All,2M,Simbad,130.057432,19.748876,21.32
645,211969273,15.2034,16.398315,19.765411750867013,5.098490266205426,0.23140329380179764,129.61539892304302,14.108184,664292322407994624,JS232  ,0.54,15.59,11.77,17.27, 0.8985,0,Y, 0.00816,       ,       , ,N,N,N,cand, 0.05345, 2.45905,2,14.9,0,2,All,2M,Simbad,129.615552,19.765452,17.27
647,211969494,10.636115,10.950949,19.76898165873966,6.427649162857525,0.08620278646694549,130.83398346141772,10.18515,661339790089527168,KW508  ,1.15,10.63,9.36, 6.38, 0.8435,0,Y, 0.00812,       ,       , ,N,Y,N,conf, 0.02558, 1.08499,K,10.66,1,1,All,2M,Simbad,130.834134,19.769041,6.38
649,211969807,15.395498,16.567148,19.77372018233687,5.257328187591894,0.10842053561067069,129.6366593712638,14.312061,664292459846946560,JS237  ,0.46,15.88,12.01,17.08, 0.1358,1,Y, 0.00832,       ,       , ,N,Y,N,    , 0.00890, 0.33360,P,15.15,0,2,All,2M,Simbad,129.63675600000002,19.773829,17.08
651,211970147,12.846568,13.4429865,19.778751895941074,5.286158252785524,0.057261608553929165,130.05589533366575,12.127259,661310756111835392,KW267  ,0.78,12.43,10.64,11.60, 0.7588,0,Y, 0.00823,       ,       , ,N,Y,N,    , 0.02396, 1.21086,S,12.87,0,2,All,2M,Simbad,130.056046,19.77881,11.6
657,211970520,11.840009,12.294485,19.784386378937807,4.873260766714452,0.30433739818769945,130.01718011409892,11.2427225,661310923612365312,KW246  ,1.0,11.43,10.0,10.43, 0.8925,0,Y, 0.00796,       ,       , ,N,Y,N,conf, 0.01995, 0.93972,K,11.83,1,2,All,2M,Simbad,130.017336,19.784456,10.43
661,211970678,12.312512,12.879005,19.78654942746335,5.009546235601262,0.11091817070521415,129.87233737139724,11.612314,661313023854578560,KW183  ,0.99,11.97,10.06,     ,       ,2, ,        ,       ,       , , , , ,cand,        ,        , ,12.31,1,2,All,2M,Simbad,129.87250600000002,19.78661,0.0
664,211970966,13.235211,13.914078,19.791527170717927,5.3051513195570035,0.027831205926876823,130.77778158828792,12.447516,661351850357695616,JS516  ,0.72,13.22,10.77,13.07, 0.2002,0,Y, 0.00786,       ,       , ,Y,Y,N,conf, 0.00633, 0.15772,2,13.27,1,2,All,2M,Simbad,130.777923,19.791575,13.07
666,211971074,13.588256,14.364235,19.793259801472797,5.586273503457698,0.03220917483160648,131.1103542115992,12.738284,661337247468928768,JS566  ,0.66,13.62,10.91,14.31, 0.8268,0,Y, 0.00820,       ,       , ,N,Y,N,    , 0.01213, 0.58113,K,13.63,1,2,All,2M,Simbad,131.110545,19.793311,14.31
668,211971189,15.53613,16.740885,19.79511774286398,5.403523120986542,0.08749195455819234,129.81980507841547,14.431266,661313917207778304,JS283  ,0.44,15.61,12.08,     ,       ,2, ,        ,       ,       , , , , ,    ,        ,        ,P,15.33,0,2,All,2M,Simbad,129.819937,19.795222,0.0
670,211971354,14.330465,15.383342,19.798343781593438,5.352871298822766,0.08650707493871708,127.91838690538167,13.306188,663035065221481344,HSHJ 15,0.63,14.45,11.03, 8.26, 0.3841,0,Y, 0.00881,       ,       , ,Y,Y,M,cand, 0.03525, 1.03094,P,14.34,1,2,All,2M,Simbad,127.91856200000001,19.798397,8.26
673,211971690,11.137974,11.502101,19.803626586667225,5.303341582507658,0.054512357172083505,129.29770632807893,10.638194,664302424170984576,KW 23  ,1.05,11.11,9.69, 8.26, 0.6331,0,Y, 0.00868,       ,       , ,N,Y,N,    , 0.00733, 0.31229,D,11.14,2,1,All,2M,Simbad,129.297851,19.803687,8.26
674,211971819,15.101777,16.231339,19.80571391474964,5.561863984507605,0.07632431981348543,126.96216630379995,14.0439415,663002663987903872,AD 1026,0.53,15.39,11.78,17.08, 0.6762,0,Y, 0.00847,       ,       , ,N,Y,N,    , 0.02119, 1.01066,2,15.14,0,2,All,2M,Simbad,126.962295,19.805776,17.08
675,211971871,10.162404,10.438777,19.806500642625636,5.323505300857155,0.06683477712335878,130.00243901427,9.763077,661311752544249088,KW238  ,1.22,9.78,9.08, 2.96, 0.6674,0,Y, 0.00747,       ,       , ,N,Y,N,    , 0.01633, 0.68585,K,10.22,1,1,All,2M,Simbad,130.002601,19.806559,2.96
680,211972478,14.497636,15.46808,19.81604544680562,5.363246605021471,0.05051207036074601,129.904627789695,13.521284,661314570042801280,KW569  ,0.6,14.68,11.39,16.07, 0.5950,0,Y, 0.00760,       ,       , ,N,Y,N,    , 0.01776, 0.92141,2,14.55,0,2,All,2M,Simbad,129.904786,19.816104,16.07
682,211972627,11.31113,11.70463,19.818555468066727,5.436169554449619,0.06209855097690399,130.29278627529197,10.793978,661302887731820416,KW368  ,1.04,11.29,9.75, 9.05, 0.0846,1,N, 0.00881,       ,       , ,N,M,M,conf, 0.01775, 0.58333,K,11.35,1,2,All,2M,Simbad,130.292938,19.818614,9.05
685,211973205,12.452263,12.971109,19.827566364728405,5.309568163430908,0.07476812288997789,129.94595434826866,11.799607,661314638762274176,KW209  ,0.85,12.43,10.44,10.54, 0.5047,0,Y, 0.00819,       ,       , ,N,Y,N,    , 0.01065, 0.39157,K,12.47,1,2,All,2M,Simbad,129.946112,19.827633,10.54
688,211973710,15.478314,16.68374,19.83568454535886,5.383474899225235,0.053457823765487134,130.55665560853225,14.375629,661350750845994240,JS475  ,0.45,15.79,12.05,21.94, 0.7349,0,Y, 0.00826,       ,       , ,N,N,N,    , 0.00723, 0.29638,2,15.31,0,2,All,2M,Simbad,130.556892,19.835726,21.94
691,211974283,10.763525,11.075099,19.844012062437066,4.299550445499816,0.04510312874185679,127.08713021398094,10.308541,663003729139832576,       ,1.13,10.76,9.43,     ,       ,3, ,        ,       ,       , , , , ,    ,        ,        , ,10.77,1,1,All,2M,Simbad,127.08723799999999,19.844044,0.0
693,211974702,11.43092,11.830153,19.850228268631096,5.385304078518216,0.046306610165975315,130.13186671235525,10.901137,661317250102374528,KW309  ,1.02,11.41,9.91, 8.49, 0.3516,0,Y, 0.00788,       ,       , ,M,Y,Y,    , 0.00317, 0.11872,K,11.45,1,2,All,2M,Simbad,130.132026,19.850285999999997,8.49
696,211975006,10.517456,10.894885,19.85512306072671,5.375116112526714,0.038196056006082155,130.2898480809065,10.002666,661306319407420160,KW367  ,1.24,10.47,8.94, 3.07, 0.8413,0,Y, 0.00872,       ,       , ,N,Y,Y,conf, 0.03469, 1.53405,K,10.49,1,2,All,2M,Simbad,130.290003,19.855179999999997,3.07
697,211975426,12.283896,12.782706,19.86114167550417,5.288665040026316,0.0589751809466894,129.84088916447462,11.653759,661315837054947840,KW172  ,0.88,12.24,10.37, 6.26, 0.6191,0,Y, 0.00771,       ,       , ,N,Y,N,    , 0.01148, 0.42492,K,12.28,1,2,All,2M,Simbad,129.84105,19.861207,6.26
699,211975510,13.525853,14.265497,19.86242789178215,5.238168355001592,0.06308515694570713,129.6233086098588,12.698852,664297064051880832,KW559  ,0.65,13.53,10.93,11.83, 0.4553,0,Y, 0.00780,       ,       , ,N,Y,N,    , 0.01294, 0.54674,K,13.54,1,2,All,2M,Simbad,129.623459,19.862485,11.83
701,211975682,14.585188,15.75001,19.865124257405327,5.130813194810073,0.05703317022094873,129.11285726712208,13.510982,664305104230586240,JS132  ,0.61,14.93,11.23,     ,       ,2, ,        ,       ,       , , , , ,cand,        ,        , ,14.58,1,2,All,2M,Simbad,129.11301,19.865177,0.0
702,211976081,13.999883,14.89242,19.870865031676576,5.82290689943949,0.0464146563559591,128.94471989234947,13.071891,664352761187716352,JS 97  ,0.62,14.08,11.06,14.88, 0.3942,0,N, 0.00799,       ,       , ,N,Y,N,cand, 0.01000, 0.53761,2,14.02,0,2,All,2M,Simbad,128.9449,19.870918,14.88
704,211976535,14.799256,15.819825,19.87779893544406,5.4184174975374395,0.05554412489160511,129.04744807139807,13.797323,664352245791631488,JS113  ,0.56,15.01,11.66,18.55, 0.4053,0,Y, 0.00890,       ,       , ,N,Y,N,    , 0.00991, 0.28164,2,14.84,0,2,All,2M,Simbad,129.04761499999998,19.877845999999998,18.55
706,211977390,11.165509,11.625457,19.89127324741158,7.508291050070384,0.07886862394679381,129.45812494731717,10.576556,664309601059502464,KW 55  ,1.16,11.15,9.33, 6.80, 0.7172,0,Y, 0.00831,       ,       , ,M,Y,N,conf, 0.02668, 1.07377,K,11.18,1,1,All,2M,Simbad,129.458135,19.891348,6.8
710,211978243,12.513612,13.040969,19.904737918500008,5.169500885214626,0.043391900667621976,127.00397558883218,11.856841,663755485855805568,AD 1050,0.83,12.46,10.49,10.69, 0.7205,0,Y, 0.00814,       ,       , ,N,Y,N,    , 0.00913, 0.36369,K,12.49,1,2,All,2M,Simbad,127.00412299999999,19.904792,10.69
711,211978779,13.70989,14.494579,19.913548270568825,5.364993208278177,0.0364286826990478,130.9657288160912,12.851836,661342710667273856,JS554  ,0.64,13.7,10.97,13.60, 0.6270,0,Y, 0.00814,       ,       , ,N,Y,Y,    , 0.00957, 0.50512,2,13.75,1,2,All,2M,Simbad,130.965892,19.913604,13.6
712,211978879,15.448435,16.647657,19.915046145026682,5.398691476972244,0.06252799688568142,129.13893955087818,14.349624,664353757620108544,JS136  ,0.47,15.85,12.01, 9.85, 0.0381,1,Y, 0.00783,       ,       , ,N,Y,Y,    , 0.02059, 0.18044,2,15.22,0,2,All,2M,Simbad,129.13909099999998,19.915069,9.85
713,211978880,12.340399,12.932938,19.915014401443578,5.432871099250876,0.05801649685888545,130.06529528119498,11.619437,661318624491908480,KW272  ,1.0,12.07,10.01,10.62, 0.6177,0,Y, 0.00921,       ,       , ,N,Y,N,cand, 0.01248, 0.47849,K,12.33,1,2,All,2M,Simbad,130.06546699999998,19.915069,10.62
717,211979237,14.089082,14.957226,19.920225008605755,5.320945790361482,0.0727344438381942,129.01829419744328,13.151795,664353379662996224,JS107  ,0.62,14.2,11.16,15.82, 0.8347,0,Y, 0.00885,       ,       , ,N,N,N,    , 0.00514, 0.23626,2,14.11,1,2,All,2M,Simbad,129.01845600000001,19.920269,15.82
719,211979334,10.86291,11.208831,19.92186716878684,5.379406460594913,0.04913523779891593,130.20118894125577,10.393337,661319483485360000,KW335  ,1.1,10.85,9.51, 7.93, 0.4857,0,N, 0.00820,       ,       , ,N,Y,Y,    , 0.02467, 1.08504,D,10.9,2,1,All,2M,Simbad,130.20134099999999,19.921913,7.93
723,211980170,11.877113,12.330091,19.935117077938127,5.509029390621481,0.04384651843997408,130.22847327084418,11.2923565,661319547906688896,KW344  ,0.98,11.8,10.13, 9.13, 0.8959,0,Y, 0.00845,       ,       , ,N,Y,M,    , 0.03243, 1.50223,2,11.87,0,1,All,2M,Simbad,130.228632,19.935174,9.13
724,211980180,13.206443,13.881368,19.935292332338033,5.327730316035456,0.027896908613925048,130.29064757659148,12.427,661401431460014976,KW574  ,0.73,13.16,10.76,13.42, 0.2489,1,Y, 0.00795,       ,       , ,N,Y,N,    , 0.01350, 0.21885,2,13.17,0,2,All,2M,Simbad,130.290801,19.935344,13.42
729,211980688,10.578912,10.890072,19.943515067588343,5.272677226949827,0.046737036419979075,130.35751606006852,10.132017,661401122222444288,KW392  ,1.16,10.57,9.33, 6.78, 0.6780,0,Y, 0.00830,       ,       , ,N,Y,Y,    , 0.01199, 0.43691,K,10.61,1,1,All,2M,Simbad,130.35767099999998,19.943569,6.78
732,211981509,12.02991,12.419206,19.956146699855854,4.889303027374098,0.04630239741362272,128.16429028584196,11.485719,663055371825360000,JC 10  ,0.87,11.99,10.37,27.84, 0.5788,0,Y, 0.00795,       ,       , ,N,Y,Y,    , 0.00350, 0.14426,2,12.03,1,2,All,2M,Simbad,128.16446100000002,19.95619,27.84
736,211981916,12.108118,12.579533,19.962088277316933,5.185925295713766,0.061979890091399106,130.4318583049543,11.497768,661402423595631232,KW417  ,0.92,12.06,10.26, 9.42, 0.6278,0,Y, 0.00833,       ,       , ,N,Y,N,    , 0.01728, 0.79480,D,12.12,1,2,All,2M,Simbad,130.43201200000001,19.962138,9.42
739,211982334,11.508884,11.915036,19.969030270409938,5.41732173659577,0.046152316940857335,130.39079753994815,10.969517,661401225301656192,KW403  ,1.02,11.47,9.93, 8.97, 0.4581,0,Y, 0.00827,       ,       , ,N,Y,Y,    , 0.00978, 0.31376,K,11.52,0,2,All,2M,Simbad,130.390955,19.969085999999997,8.97
742,211982810,12.7360115,13.316318,19.97660075632191,5.347663646792746,0.04915548364022413,128.2174868499892,12.033481,663055818503513088,JS 15  ,0.81,12.69,10.56,11.38, 0.5085,0,N, 0.00821,       ,       , ,N,Y,N,    , 0.01693, 0.84757,K,12.73,0,2,All,2M,Simbad,128.21766100000002,19.976646,11.38
745,211983461,11.096676,11.457315,19.98712654210043,5.24907056545466,0.08433332261443509,129.46686941159314,10.611772,664311392062657920,KW 58  ,1.05,11.08,9.69, 7.95, 0.3487,0,N, 0.00796,       ,       , ,M,Y,N,    , 0.01425, 0.60365,K,11.12,0,1,All,2M,Simbad,129.467052,19.987197000000002,7.95
747,211983499,11.8502245,12.333405,19.98781070363074,5.570376861155776,0.5343233010896299,129.53142587444597,11.227237,664334035130360192,KW 79  ,1.02,11.84,9.9, 8.97, 0.7049,0,Y, 0.00892,       ,       , ,N,Y,N,cand, 0.02154, 0.97367,K,11.83,0,1,All,2M,Simbad,129.531591,19.98787,8.97
749,211983725,14.630075,15.676211,19.991282280324754,5.1455347516737895,0.05933843215370146,129.92080158529183,13.606194,664325170317925120,KW570  ,0.6,14.78,11.32, 4.22, 0.2006,0,Y, 0.00793,       ,       , ,N,Y,Y,cand, 0.02431, 0.89823,P,14.64,1,2,All,2M,Simbad,129.92096,19.99134,4.22
756,211985566,15.066672,16.185472,20.02192754283791,5.318458812135385,0.046926234454303044,129.8103710777985,14.008378,664320497393421952,KW564  ,0.55,15.29,11.72,17.68, 0.8499,0,Y, 0.00745,       ,       , ,N,N,N,    , 0.03911, 1.87898,2,14.99,0,2,All,2M,Simbad,129.81054,20.022005,17.68
757,211985987,14.973074,16.034943,20.028149805697037,5.1296227957920495,0.07375853590022612,129.923777906839,13.945872,664325857512593920,KW571  ,0.54,15.25,11.76,     ,       ,2, ,        ,       ,       , , , , ,    ,        ,        , ,14.79,0,2,All,2M,Simbad,129.923975,20.028256,0.0
758,211986537,13.746807,14.540138,20.03769966394293,5.418951876485024,0.028880051758306952,130.31407110055486,12.883392,661414213282680960,KW575  ,0.63,13.81,11.02,13.54, 0.8596,0,Y, 0.00789,       ,       , ,N,Y,N,    , 0.01329, 0.61033,K,13.7,1,2,All,2M,Simbad,130.31423,20.037765,13.54
759,211986948,13.841472,14.66327,20.04371058333109,5.498617772722282,0.034839893978763394,129.76321711144786,12.962468,664323761568567808,KW561  ,0.63,13.9,11.05,14.31, 0.3496,0,Y, 0.00822,       ,       , ,N,Y,N,    , 0.01699, 0.62750,2,13.8,1,2,All,2M,Simbad,129.763401,20.043782999999998,14.31
762,211988080,15.416034,16.658737,20.061901375148988,6.566769326669,0.05008072033490723,131.97785358927442,14.307724,661547357268446080,JS653  ,0.46,15.92,12.03,27.58, 0.3752,0,Y, 0.00770,       ,       , ,N,N,N,    , 0.00639, 0.26025,2,14.83,0,1,All,2M,Simbad,131.978027,20.061911,27.58
764,211988287,9.991372,10.253652,20.06497136758937,4.995503146233313,0.08005816032879853,129.97926607064804,9.608795,664327433763175424,KW222  ,1.24,9.78,8.96, 3.29, 0.2073,0,N, 0.00861,       ,       , ,M,Y,N,    , 0.00281, 0.05792,2,10.08,1,1,All,2M,Simbad,129.979432,20.065025,3.29
765,211988324,13.130247,13.79516,20.06552061848445,5.4037206762742604,0.031310920413516075,130.81329193273723,12.354186,661360268493494528,JS526  ,0.77,13.1,10.68,10.89, 0.6731,0,Y, 0.00851,       ,       , ,N,Y,N,    , 0.01184, 0.50984,K,13.04,0,2,All,2M,Simbad,130.813449,20.065575,10.89
767,211988454,10.657494,10.969255,20.067589911877796,5.432350057063029,0.0719220494482442,129.7082020497148,10.207288,664324684984105728,KW127  ,1.15,10.64,9.37, 8.44, 0.2566,1,N, 0.00720,22.1036, 0.1818,1,Y,Y,M,conf, 0.00255, 0.06089,2,10.64,1,1,All,2M,Simbad,129.70837,20.067622,8.44
768,211988531,10.141285,10.486059,20.068996218563466,5.249323601757233,0.054923280807234506,129.87658880807902,9.673286,664326922664482944,KW182  ,1.3,10.13,8.81, 7.22, 0.7182,0,Y, 0.00913,       ,       , ,N,Y,N,cand, 0.01312, 0.59720,D,10.17,2,1,All,2M,Simbad,129.876756,20.069053,7.22
775,211989185,12.864726,13.481087,20.08004601066504,5.533057124348294,0.04034998562565401,128.1390751273078,12.137257,663069150081902592,JS 12  ,0.79,12.81,10.63,11.65, 0.5903,0,Y, 0.00828,       ,       , ,N,Y,N,    , 0.01334, 0.60006,K,13.0,1,2,All,2M,Simbad,128.13923799999998,20.080102,11.65
779,211989950,13.699285,14.4884,20.092313663356403,5.281349680598356,0.03420840868274434,130.56920481936237,12.840711,661409609077800960,JS478  ,0.63,13.71,10.99,12.84, 0.2568,0,N, 0.00940,       ,       , ,N,Y,N,    , 0.01256, 0.40191,K,13.63,1,2,All,2M,Simbad,130.569352,20.09236,12.84
783,211990785,13.396367,13.973076,20.104944250423408,3.3116993983208216,0.10942195446424782,130.33088286650045,12.683278,661416893342268672,AD 2932,0.62,13.37,11.14,22.77, 0.4592,0,Y, 0.00859,       ,       , ,N,Y,N,    , 0.00370, 0.13909,2,13.32,1,2,All,2M,Simbad,130.33098,20.10506,22.77
784,211990866,10.405282,10.7128315,20.106007385176248,5.26448239605576,0.0678256670024561,129.60108630074123,9.966093,664337230586013312,KW100  ,1.19,10.39,9.18, 4.26, 0.3217,0,Y, 0.00788,       ,       , ,M,Y,N,conf, 0.01358, 0.28341,K,10.41,0,1,All,2M,Simbad,129.60125,20.106063,4.26
785,211990908,9.956601,10.228443,20.10670024031062,5.4169924331150705,0.0742374796173926,130.0928103585514,9.565752,661419259867455488,KW282  ,1.28,9.94,8.85, 2.56, 0.2590,0,Y, 0.00802,       ,       , ,Y,Y,Y,conf, 0.00497, 0.14016,K,10.04,1,1,All,2M,Simbad,130.092964,20.106772,2.56
786,211990953,12.870566,13.47606,20.107463193549318,5.29298287714589,0.041817496290548636,130.49500998802847,12.143648,661410360695218048,JS466  ,0.8,12.82,10.6,11.34, 0.7506,0,Y, 0.00821,       ,       , ,N,Y,N,    , 0.02296, 0.96768,D,12.8,1,2,All,2M,Simbad,130.495157,20.107509,11.34
790,211991772,14.92628,15.97477,20.12018888061482,5.297455951931075,0.059310179190512805,129.0660889109477,13.906867,664366024046570112,JS119  ,0.54,15.21,11.75,16.51, 0.2567,0,Y, 0.00728,       ,       , ,N,Y,N,    , 0.00793, 0.27909,2,14.72,0,2,All,2M,Simbad,129.066248,20.120254,16.51
792,211992034,11.475761,11.874149,20.123890074022494,5.488404687208226,0.06307185795798884,129.19034668485799,10.944676,664366779961036288,KW537  ,1.01,11.45,9.94, 9.02, 0.5681,0,Y, 0.00840,       ,       , ,N,Y,N,    , 0.00969, 0.41392,K,11.42,0,2,All,2M,Simbad,129.190512,20.123947,9.02
794,211992423,13.569841,14.328463,20.130011443687245,5.435530923721508,0.04114374879880778,128.28092553154863,12.73361,663070352672827136,JS 23  ,0.65,13.56,10.93,13.07, 0.5320,0,Y, 0.00906,       ,       , ,N,Y,Y,    , 0.00534, 0.18343,2,13.83,1,2,All,2M,Simbad,128.28108500000002,20.130058,13.07
797,211992776,9.565113,9.800978,20.135571986249168,5.212951811468086,0.05553612773794308,130.00523861324643,9.213176,664328915529295232,KW239  ,1.4,9.55,8.62, 1.18, 0.3026,0,Y, 0.00791,       ,       , ,M,Y,N,    , 0.00109, 0.02780,2,9.73,1,1,All,2M,Simbad,130.00539799999999,20.13563,1.18
798,211992843,15.150976,16.29264,20.136687966522484,5.398825670096695,0.09984051440858296,129.47721072039087,14.084486,664339910645611776,JS206  ,0.52,15.46,11.82,19.27, 0.4520,0,Y, 0.00816,       ,       , ,N,Y,N,    , 0.02089, 0.69742,2,14.96,0,1,All,2M,Simbad,129.477373,20.136759,19.27
800,211993172,13.485536,14.229027,20.142116350496572,5.353441908377095,0.030400834240974985,130.65400159988155,12.657037,661408818803811200,JS493  ,0.68,13.5,10.87,11.97, 0.8245,0,Y, 0.00770,       ,       , ,N,Y,Y,    , 0.01980, 0.87836,D,13.46,2,2,All,2M,Simbad,130.654156,20.142162,11.97
803,211994672,11.820469,12.26893,20.16693327520657,5.4113873223298325,0.05881728103007708,130.46645216356623,11.24051,661422837576998784,KW430  ,0.99,11.79,10.09, 9.60, 0.5681,0,Y, 0.00830,       ,       , ,N,Y,N,    , 0.00950, 0.42009,2,11.73,1,2,All,2M,Simbad,130.466594,20.166976000000002,9.6
806,211995288,11.253525,11.621753,20.176953489098516,5.225539844907971,0.09374908050831401,129.34244927173654,10.755785,664387808120781440,KW 30  ,1.04,11.23,9.8, 7.80, 0.6986,0,Y, 0.00772,       ,       , ,N,Y,N,    , 0.01358, 0.68313,D,11.2,2,1,All,2M,Simbad,129.342615,20.177015,7.8
807,211995540,13.41127,14.183803,20.181481652050458,5.647222028325475,0.033387697683401885,129.73827370849935,12.562155,664343415338898944,KW560  ,0.75,13.41,10.72,12.02, 0.5883,0,Y, 0.00857,       ,       , ,N,Y,N,    , 0.00916, 0.36353,D,13.37,1,2,All,2M,Simbad,129.738446,20.181546,12.02
808,211996051,10.004918,10.275845,20.18952576395745,5.269155292910631,0.04771076100072987,130.89789291743583,9.611407,661386244455690752,KW515  ,1.25,9.99,8.92, 3.65, 0.1357,0,Y, 0.00844,       ,       , ,N,Y,N,conf, 0.00258, 0.03945,2,10.02,1,1,All,2M,Simbad,130.898065,20.189588,3.65
809,211996321,13.838399,14.657737,20.193581553946718,5.38910023777482,0.026603776092300378,131.16963898447682,12.958648,661387992505550080,JS572  ,0.62,13.86,11.07,     ,       ,2, ,        ,       ,       , , , , ,    ,        ,        , ,13.77,1,2,All,2M,Simbad,131.169811,20.193635,0.0
810,211996831,11.338902,11.730179,20.201612683690826,5.532530142337327,0.04262145027152906,130.13251642912704,10.820456,664422683254834304,KW304  ,1.03,11.3,9.83, 4.37, 0.4438,1,Y, 0.00780,10.1182, 0.1935,1,Y,M,N,    , 0.01133, 0.34386,K,11.28,1,2,All,2M,Simbad,130.132701,20.201685,4.37
813,211997380,11.136425,11.506669,20.21072116387995,5.46961601818486,0.05453459847854041,129.81230595198352,10.635259,664344824088164352,KW164  ,1.05,11.13,9.65, 8.12, 0.7865,0,Y, 0.00748,       ,       , ,N,Y,N,conf, 0.00962, 0.41410,K,11.09,1,1,All,2M,Simbad,129.812514,20.210788,8.12
816,211997840,13.5463915,14.30019,20.21822434352207,5.343671373921331,0.037565788955487685,126.87757219906383,12.715052,663781564897118592,AD 0982,0.67,13.52,10.9,12.95, 0.8099,0,Y, 0.00799,       ,       , ,N,Y,N,    , 0.01602, 0.78714,2,13.85,1,2,All,2M,Simbad,126.877702,20.218288,12.95
819,211998019,15.441096,16.692192,20.2215505053906,5.2479591688199045,0.06441984700619433,126.3541204327802,14.3235235,663805754152866688,AD 0738,0.49,15.89,11.93,18.55, 0.3109,0,Y, 0.00841, 0.5119, 0.1189,0,Y,Y,Y,    , 0.00553, 0.16210,2,15.21,0,2,All,2M,Simbad,126.35432,20.221593,18.55
820,211998178,14.666873,15.787425,20.223980109255155,5.168909203448628,0.09257094467974716,129.39590153451527,13.609006,664388357876585344,JS191  ,0.6,15.08,11.36,15.57, 0.6637,0,Y, 0.00751,       ,       , ,N,Y,Y,cand, 0.01062, 0.44291,2,14.63,0,1,All,2M,Simbad,129.396097,20.224048,15.57
821,211998192,15.156143,16.288813,20.22420594549211,5.3674782573548505,0.043751570789042175,132.20457350134427,14.0942335,661573608108602752,       ,0.52,15.55,11.83,19.27, 0.3622,0,Y, 0.00802,       ,       , ,N,Y,N,    , 0.00812, 0.28755,2,15.05,0,1,All,2M,Simbad,132.204756,20.22427,19.27
822,211998346,10.350761,10.64717,20.226816426525026,5.508442278230015,0.07467698761992542,130.4324005022724,9.920475,661424074527577600,KW418  ,1.2,10.32,9.14, 5.51, 0.4020,0,Y, 0.00859,       ,       , ,N,Y,N,    , 0.00844, 0.25709,K,10.35,1,1,All,2M,Simbad,130.432573,20.226865,5.51
823,211998436,12.356578,12.864744,20.228536119224703,5.284375592118107,0.06035791307707996,129.11777266219994,11.715506,664380111539399552,KW535  ,0.85,12.3,10.44,10.29, 0.5970,0,Y, 0.00798,       ,       , ,N,Y,N,cand, 0.01941, 0.75208,D,12.29,1,2,All,2M,Simbad,129.11793799999998,20.228591,10.29
827,211999343,13.849449,14.660298,20.243358535118443,5.26964026310349,0.04040498670647262,126.96070952027638,12.97782,663782904926907392,AD 1025,0.62,13.85,11.07,14.52, 0.5538,0,Y, 0.00830,       ,       , ,N,Y,N,    , 0.00737, 0.25599,2,14.19,1,2,All,2M,Simbad,126.960844,20.243416,14.52
833,212002216,12.608421,13.175258,20.290503211112178,5.362164184118453,0.037004561508833134,131.20278936192454,11.917593,661391157898332160,JS576  ,0.83,12.55,10.51,10.93, 0.4485,0,Y, 0.00884,       ,       , ,N,N,N,    , 0.01687, 0.53219,K,12.52,1,2,All,2M,Simbad,131.20295900000002,20.290554,10.93
837,212003469,11.37837,11.854504,20.312399132594503,5.432828564416382,0.08663431310098402,130.11915690330244,10.770347,664428833647956480,KW297  ,1.12,11.36,9.46, 8.14, 0.7021,0,Y, 0.00776,       ,       , ,N,Y,N,conf, 0.01064, 0.47408,K,11.32,1,2,All,2M,Simbad,130.11933100000002,20.31246,8.14
839,212003893,14.762062,16.001783,20.319390209663432,5.617649783890981,0.292679787912409,129.2356386521102,13.635466,664404713111939072,JS157  ,0.61,15.14,11.23, 2.13, 0.4710,0,Y, 0.00792,16.0727, 0.1291,0,Y,Y,M,cand, 0.03377, 1.14732,2,14.26,0,2,All,2M,Simbad,129.235769,20.31948,2.13
840,212004731,11.9430065,12.098522,20.33373217038846,2.3551387852963193,0.05160927559711507,130.81545939530417,11.395608,661438260802777600,KW548  ,0.8,11.81,10.59, 3.96, 0.1085,0,N, 0.00838,       ,       , ,M,Y,Y,conf, 0.00157, 0.02363,2,11.79,0,0,All,2M,Simbad,130.815494,20.333748,3.96
842,212004983,11.259017,11.641185,20.337744979622723,5.431982088925898,0.06182453788536339,130.75211354398243,10.744737,661438913637806208,KW488  ,1.04,11.22,9.77, 8.94, 0.6804,0,Y, 0.00801,       ,       , ,N,Y,N,conf, 0.00937, 0.35066,K,11.23,1,1,All,2M,Simbad,130.75228,20.337799,8.94
843,212005017,14.38916,15.327115,20.338243110948362,5.236413610336276,0.032707048831026715,130.15769433450942,13.433084,664429005446645376,JS373  ,0.6,14.46,11.37,15.65, 0.1141,0,Y, 0.00865,       ,       , ,N,Y,N,    , 0.00992, 0.21371,2,14.36,1,2,All,2M,Simbad,130.15786,20.338288000000002,15.65
845,212005503,15.654278,16.898949,20.346591442736788,5.402545214803951,0.07716549029650092,130.46614275075495,14.534117,661429675164926464,JS459  ,0.41,15.82,12.19,20.73, 0.1143,1,Y, 0.00789,       ,       , ,N,Y,N,    , 0.00938, 0.25855,2,15.29,0,2,All,2M,Simbad,130.466306,20.346621,20.73
846,212005504,15.749805,17.003767,20.346503121209572,5.031618730766057,0.0602825256358726,130.33679154676855,14.628861,664431204469943808,JS426  ,0.39,16.13,12.27,21.78, 0.3499,0,Y, 0.00797,       ,       , ,N,Y,N,    , 0.01422, 0.54894,2,15.51,0,2,All,2M,Simbad,130.336925,20.346638000000002,21.78
848,212005623,15.300904,16.464916,20.348347821496937,5.260044713860915,0.061677292119419996,129.77850250435765,14.217877,664349874969575680,JS270  ,0.49,15.58,11.91,     ,       ,2, ,        ,       ,       , , , , ,    ,        ,        , ,15.16,0,2,All,2M,Simbad,129.77863100000002,20.348413,0.0
850,212006227,10.244328,10.523946,20.357684991560813,5.542117949542688,0.046195914451931865,131.26744414921714,9.832527,661766778557840000,JS587  ,1.2,10.21,9.13, 3.67, 0.3961,0,Y, 0.00860,       ,       , ,N,Y,N,    , 0.00882, 0.34561,K,10.21,1,1,All,2M,Simbad,131.2676,20.357739000000002,3.67
851,212006723,14.780137,15.85408,20.365690208020638,5.7461398608434004,0.05091310802212652,130.96171977273522,13.745826,661441494914973184,JS552  ,0.58,14.96,11.51,18.79, 0.7462,0,Y, 0.00821,       ,       , ,N,Y,Y,    , 0.00984, 0.47261,2,14.76,0,2,All,2M,Simbad,130.961879,20.365762,18.79
856,212007419,15.167747,16.326447,20.377295417309114,5.305034338634736,0.047730813827665405,130.2959378141317,14.096358,664431548067327616,JS411  ,0.52,15.43,11.82,18.55, 0.2497,0,Y, 0.00836,       ,       , ,N,Y,N,    , 0.01614, 0.44275,2,15.13,0,2,All,2M,Simbad,130.296097,20.377373000000002,18.55
858,212008710,13.524284,14.254892,20.398297808069138,5.410014361191279,0.02449560921052637,133.75917557600332,12.703933,660878991637884672,AD 4269,0.65,13.52,10.95,11.65, 0.2089,1,Y, 0.00775,       ,       , ,N,Y,Y,    , 0.00980, 0.22123,2,13.55,0,2,All,2M,Simbad,133.75933799999999,20.398351,11.65
863,212009190,14.253985,15.169257,20.406455797693546,5.32579296940759,0.06912020317755148,129.24938612192435,13.310296,664407427531262464,AD 2250,0.6,14.31,11.32,15.26, 0.9022,0,Y, 0.00815,       ,       , ,N,Y,N,    , 0.01647, 0.78676,2,14.22,1,2,All,2M,Simbad,129.24956,20.406513,15.26
864,212009294,13.76608,14.5818,20.40832422644786,5.498522590347513,0.0392539689155185,129.79217628066218,12.891468,664444914005442304,JS273  ,0.63,13.77,11.0,13.98, 0.5141,0,Y, 0.00862,       ,       , ,N,Y,N,    , 0.02146, 0.68607,2,13.73,1,2,All,2M,Simbad,129.792343,20.408392000000003,13.98
865,212009427,14.000644,15.024135,20.410365863838948,5.428999261424536,0.03532485455435824,127.87430869761643,12.995645,663140171661012480,AD 1508,0.72,14.14,10.77, 1.56, 0.8841,0,Y, 0.00875,       ,       , ,N,Y,N,cand, 0.04566, 2.05561,P,14.07,1,2,All,2M,Simbad,127.874459,20.410422,1.56
867,212009464,12.594963,13.135057,20.411041118953793,5.153553882442397,0.08410075155456553,129.1740828623969,11.930854,664409175581692288,JS143  ,0.82,12.52,10.52,11.01, 0.2767,0,N, 0.00883,       ,       , ,N,Y,N,    , 0.01817, 0.70551,2,12.52,1,2,All,2M,Simbad,129.174249,20.411089,11.01
868,212009944,14.679636,15.846673,20.41889388534714,5.36163368944178,0.05256533919419089,130.04160395273945,13.606031,664442233945917440,JS340  ,0.6,14.98,11.31,19.02, 0.5296,0,N, 0.00830, 4.4121, 0.3667,0,Y,N,N,cand, 0.01452, 0.54508,2,14.67,0,2,All,2M,Simbad,130.041762,20.418951999999997,19.02
869,212010154,14.147637,15.038251,20.422886817446553,5.257900214997648,0.029399038449805202,131.35814915334385,13.219778,661768771422658816,JS595  ,0.61,14.2,11.21,14.38, 0.6720,0,Y, 0.00740,       ,       , ,N,Y,Y,    , 0.00684, 0.29625,2,14.26,1,2,All,2M,Simbad,131.358321,20.422945000000002,14.38
870,212010383,13.66073,14.4670725,20.427334551976344,5.483357748694867,0.0421556473909156,131.35811949751357,12.786639,661768771422658688,JS594  ,0.67,13.66,10.88,14.52, 0.2858,0,Y, 0.00851,       ,       , ,M,Y,Y,    , 0.01070, 0.32429,2,13.61,1,2,All,2M,Simbad,131.358295,20.427394,14.52
872,212011152,11.519134,11.928095,20.43948122102108,5.352046844158329,0.07614164721997609,129.53351784023096,10.978165,664401960036152960,KW542  ,1.02,11.48,9.93, 9.16, 0.5142,0,Y, 0.00817,       ,       , ,N,Y,N,    , 0.01377, 0.53445,K,11.47,0,1,All,2M,Simbad,129.533717,20.439526,9.16
873,212011328,11.6371155,11.998581,20.44216220600666,2.349560357768399,0.03813991146200547,131.2542627665415,11.126969,661770695568010624,JS585  ,0.98,11.61,10.13,     ,       ,2, ,        ,       ,       , , , , ,    ,        ,        , ,11.57,0,1,All,2M,Simbad,131.254435,20.442207,0.0
874,212011394,15.186316,16.327185,20.443276101188296,5.22944835151913,0.06584851699833297,132.2081004318106,14.118636,661598175321463936,       ,0.51,15.53,11.86,19.65, 0.3722,1,Y, 0.00786,       ,       , ,N,Y,N,    , 0.00897, 0.27963,2,15.21,0,1,All,2M,Simbad,132.20826100000002,20.443332,19.65
875,212011557,15.476082,16.715454,20.446090508264035,5.5105332458584195,0.07028625848373987,129.53391425824518,14.363923,664401964332947584,       ,0.46,15.69,12.02,21.63, 0.6439,0,Y, 0.00755,       ,       , ,N,Y,Y,    , 0.02355, 1.05650,2,15.35,0,1,All,2M,Simbad,129.534046,20.446122,21.63
876,212011731,15.531444,16.783064,20.448748652790314,5.426250453421254,0.07839422984234252,129.53026274866565,14.407101,664402170491377920,       ,0.45,15.86,12.04,21.47, 0.8781,0,Y, 0.00870,       ,       , ,N,N,Y,    , 0.03669, 1.59981,2,15.33,1,1,All,2M,Simbad,129.530453,20.448794,21.47
878,212012299,12.092864,12.568679,20.457651294278513,5.348402729577359,0.04429790236332513,130.26076024738802,11.480014,664437286143573760,       ,0.9,12.06,10.29, 9.63, 0.2783,0,N, 0.00743,       ,       , ,N,Y,N,    , 0.01224, 0.60377,2,12.02,0,2,All,2M,Simbad,130.260917,20.457701,9.63
879,212012721,15.584529,16.738956,20.46442988256106,4.587628158537128,0.0651442223082355,129.82849347929002,14.508654,664445532480726912,JS285  ,0.4,15.81,12.23,23.49, 0.4535,0,Y, 0.00877,       ,       , ,N,N,N,    , 0.00643, 0.19800,2,15.58,0,2,All,2M,Simbad,129.828591,20.464467000000003,23.49
882,212013132,13.517692,14.468022,20.471797535596053,5.046806492259383,0.05161949450337168,130.18424619841775,12.550516,664436770747504128,JS379  ,0.86,13.62,10.4, 2.13, 0.4385,0,Y, 0.00759,12.3168, 0.1648,0,Y,N,N,cand, 0.02412, 0.76497,D,13.54,1,2,All,2M,Simbad,130.184406,20.471852,2.13
883,212013222,14.418907,15.357709,20.47342034334239,5.231505120538271,0.033783684192221754,130.27198826437743,13.461872,664437320503310336,JS405  ,0.6,14.47,11.41,14.81, 0.1769,0,Y, 0.00884,       ,       , ,N,Y,N,    , 0.02654, 0.63128,2,14.41,0,2,All,2M,Simbad,130.27213799999998,20.473481,14.81
884,212013297,15.165906,16.359562,20.474714688374597,4.955712204410349,0.1842693740306251,130.19532134510885,14.04964,664436770747502208,JS384  ,0.55,15.43,11.68,18.79, 0.7689,0,Y, 0.00906, 1.0205, 0.0293,0,Y,N,N,    , 0.01871, 0.83554,2,15.13,0,2,All,2M,Simbad,130.195472,20.47475,18.79
891,212015396,11.611212,12.058024,20.510348094309204,5.456443479481596,0.062012967989613546,130.82415945349217,11.025954,661458365546507776,JS529  ,1.04,11.59,9.78, 9.00, 0.1768,0,Y, 0.00796,       ,       , ,N,Y,N,cand, 0.02154, 0.46628,D,11.55,2,1,All,2M,Simbad,130.824326,20.510395000000003,9.0
893,212015504,14.395109,15.531029,20.512105100861188,8.27852395775601,0.036121284924975426,131.26086216480763,13.334551,661773375627598208,JS586  ,0.62,14.59,11.1,24.64, 0.6077,0,Y, 0.00792,       ,       , ,N,Y,Y,cand, 0.00980, 0.34072,2,14.36,1,2,All,2M,Simbad,131.261007,20.51216,24.64
899,212016988,15.356056,16.538088,20.537164137290716,5.270755075890219,0.047316243610890756,130.90353563645147,14.270442,661459774295768960,JS542  ,0.48,15.66,11.94,19.27, 0.1352,0,Y, 0.00694,       ,       , ,N,Y,Y,    , 0.00912, 0.23407,2,15.27,0,2,All,2M,Simbad,130.90371299999998,20.537217000000002,19.27
903,212017486,14.144938,15.028244,20.544779408638934,5.422464144403654,0.06236265560536881,129.30238187682917,13.222096,664417494934591488,JS169  ,0.6,14.2,11.37,13.98, 0.5152,0,Y, 0.00777,       ,       , ,N,Y,N,    , 0.01668, 0.65831,2,14.12,0,2,All,2M,Simbad,129.302556,20.544856,13.98
906,212018005,14.103219,14.971796,20.55304981366758,5.517238461476962,0.05212196171758957,129.06640575248807,13.186118,664600907218072064,JS118  ,0.61,14.14,11.23,13.36, 0.1252,0,Y, 0.00786,       ,       , ,N,Y,N,    , 0.01574, 0.75457,2,14.08,1,2,All,2M,Simbad,129.066574,20.553112,13.36
907,212018728,14.438608,15.39372,20.565317202503884,5.32694105574077,0.036729174364252375,130.85405574296436,13.472018,661460083533415040,JS533  ,0.6,14.57,11.4,16.51, 0.5666,0,Y, 0.00811,       ,       , ,N,Y,N,    , 0.01851, 0.68121,2,14.41,1,2,All,2M,Simbad,130.854221,20.565367000000002,16.51
909,212018902,11.244787,11.633686,20.56776085132002,5.394970759194516,0.09008009013220922,129.56224039754272,10.735727,664403991557398784,KW543  ,1.05,11.24,9.72, 9.36, 0.5313,0,Y, 0.01065,       ,       , ,N,Y,N,    , 0.01623, 0.53755,K,11.2,1,1,All,2M,Simbad,129.562468,20.567839000000003,9.36
912,212019252,12.207367,12.702906,20.573373602513858,3.8992991951113565,0.06107655260457928,130.70179848491935,11.573817,661462312620257664,JS503  ,0.92,12.16,10.26,11.26, 0.4920,0,Y, 0.00836,       ,       , ,N,Y,N,    , 0.00529, 0.16428,D,12.14,2,2,All,2M,Simbad,130.70195900000002,20.573431,11.26
913,212019439,12.174534,12.655479,20.57671625455086,5.308317594683201,0.052339942361631316,129.69194458283602,11.558397,664497209527231872,KW544  ,0.89,12.13,10.31, 9.36, 0.4424,0,Y, 0.00783,       ,       , ,N,Y,N,    , 0.02344, 0.75711,K,12.13,1,2,All,2M,Simbad,129.692107,20.57678,9.36
914,212019656,15.109928,16.294613,20.580480145426282,5.474356185695712,0.05707481570533219,129.96352042792535,14.014729,664453778817920256,JS318  ,0.57,15.21,11.59, 1.84, 0.8517,0,Y, 0.00920,       ,       , ,N,Y,Y,    , 0.04180, 1.98173,P,14.88,0,2,All,2M,Simbad,129.96371499999998,20.580548,1.84
915,212020223,9.720362,9.962874,20.590108936298048,5.412289737755958,0.0563619839104143,131.37687975615577,9.357484,661779796602531712,JS600  ,1.32,9.72,8.77, 0.95, 0.0577,1,Y, 0.00884,       ,       , ,Y,N,N,conf, 0.00112, 0.01325,2,9.76,1,1,All,2M,Simbad,131.37704499999998,20.590168,0.95
921,212021253,14.749161,15.818133,20.60786507810245,5.628978500805396,0.07861859105173484,129.368416928607,13.716638,664419556518886272,JS181  ,0.59,14.83,11.49, 7.24, 0.8205,0,Y, 0.00794,       ,       , ,N,Y,N,    , 0.07387, 3.40926,P,14.75,0,2,All,2M,Simbad,129.368592,20.607941,7.24
922,212021375,11.67919,12.095384,20.6097280638753,5.273767338922732,0.09316362644493965,129.1666180310231,11.126469,664600804138934400,JS142  ,0.99,11.65,10.08, 8.89, 0.2626,0,N, 0.00796,       ,       , ,N,Y,N,    , 0.00641, 0.25317,2,11.6,1,2,All,2M,Simbad,129.16680300000002,20.609919,8.89
926,212023280,14.20535,15.116194,20.640806391293975,5.5285577380620765,0.03872515662509116,130.0932251313692,13.2681055,664455118847781760,JS353  ,0.61,14.27,11.22,14.73, 0.4982,0,Y, 0.00762,       ,       , ,N,Y,N,    , 0.02185, 0.94928,D,14.17,2,2,All,2M,Simbad,130.093397,20.640869,14.73
928,212024154,11.835549,12.379775,20.655593873341424,4.649497958671149,0.3399035755704599,129.8833275727914,11.1648445,664502084313453568,JS297  ,1.04,11.75,9.77,10.54, 0.5061,0,N, 0.00763,       ,       , ,N,Y,Y,cand, 0.00955, 0.33251,2,11.76,1,2,All,2M,Simbad,129.8835,20.655656,10.54
931,212024569,14.741109,15.682821,20.66242825025065,5.003428940005511,0.056472687619956156,127.73989373787882,13.784791,663904126083650048,AD 1423,0.55,14.7,11.72,15.49, 0.2864,0,Y, 0.00840,       ,       , ,N,N,N,    , 0.00796, 0.18426,2,14.89,0,2,All,2M,Simbad,127.74001499999999,20.662463,15.49
933,212025163,9.522808,9.754986,20.672141222866763,5.182855385882038,0.0762859184592595,130.4165500451054,9.176066,664464808293984000,JS446  ,1.42,9.53,8.59, 1.06, 0.1133,0,Y, 0.00811,       ,       , ,Y,N,N,    , 0.00090, 0.01379,2,9.64,1,1,All,2M,Simbad,130.416701,20.672195000000002,1.06
935,212025814,14.663329,15.712086,20.683262753258393,5.309028403383238,0.06928621647081837,129.02612324623422,13.644173,664605889380126336,JS109  ,0.59,14.75,11.45,     ,       ,2, ,        ,       ,       , , , , ,    ,        ,        , ,14.61,1,2,All,2M,Simbad,129.026295,20.683319,0.0
936,212025985,14.8284025,15.878354,20.68598625427658,5.192883283366923,0.07382382575065881,129.0645446318721,13.814615,664605270904832768,JS117  ,0.56,14.91,11.63,17.27, 0.4589,0,Y, 0.00821,       ,       , ,N,Y,Y,    , 0.01562, 0.39024,2,14.82,1,2,All,2M,Simbad,129.064719,20.686044,17.27
939,212026921,12.459369,12.986339,20.702435465774236,5.478656257565709,0.045435446259438204,128.31408962212126,11.800583,664641348629985280,JS 25  ,0.85,12.39,10.44,12.07, 0.4166,0,Y, 0.00860,       ,       , ,M,Y,N,    , 0.00954, 0.31002,2,12.51,0,2,All,2M,Simbad,128.314256,20.702492000000003,12.07
946,212027750,13.319321,14.00448,20.716874521494653,4.396436809177773,0.024479043518402306,132.3113302739501,12.5261345,661699910210446848,       ,0.69,13.31,10.82,20.31, 0.3107,0,Y, 0.00810,       ,       , ,N,Y,Y,    , 0.00210, 0.05459,2,13.32,1,1,All,2M,Simbad,132.311534,20.716921,20.31
948,212028430,14.257169,15.174588,20.727951500792802,5.339991116670405,0.04159442362652704,129.59926074695244,13.312368,664513049366544256,JS227  ,0.6,14.28,11.3,15.33, 0.7339,0,Y, 0.00928,       ,       , ,N,Y,Y,    , 0.01159, 0.54683,2,14.24,1,1,All,2M,Simbad,129.599439,20.728011,15.33
950,212029094,15.452684,16.650742,20.73921031869653,5.396699185476153,0.06104829895742494,129.82505464661259,14.360158,664506143059189888,JS284  ,0.45,15.78,12.06,19.91, 0.5500,0,Y, 0.00919,       ,       , ,N,Y,N,    , 0.02244, 0.91514,2,15.42,1,2,All,2M,Simbad,129.825208,20.739261,19.91
952,212030244,11.727034,12.1588955,20.758073978552307,5.476006236323181,0.04711684526999872,129.83961375201426,11.158872,664506173122311936,JS286  ,1.0,11.69,10.03, 9.19, 0.6833,0,Y, 0.00860,       ,       , ,N,Y,N,    , 0.01465, 0.63956,D,11.67,1,2,All,2M,Simbad,129.839768,20.758183,9.19
956,212031366,13.054496,13.695604,20.777495271485403,5.0098298947984965,0.05799285711603572,130.32994101477433,12.303731,664478620908806784,JS424  ,0.76,13.0,10.7,12.42, 0.9446,0,Y, 0.00951,       ,       , ,N,Y,N,    , 0.01793, 0.87872,2,13.0,0,2,All,2M,Simbad,130.330098,20.777565,12.42
963,212034371,11.629719,12.058298,20.82625336691887,5.236612307135159,0.049714744333394054,128.9871203172829,11.040685,664625302630788608,JS102  ,1.03,11.76,9.83, 1.21, 0.3959,0,Y, 0.00773,       ,       , ,N,Y,Y,conf, 0.02411, 0.70822,2,11.56,0,2,All,2M,Simbad,128.98728799999998,20.826318,1.21
970,212064701,12.308469,12.867763,21.36023073929189,6.591107259378685,0.03739120088859684,133.01426199636626,11.624339,685766025015273856,AD 3937,0.97,12.16,10.17, 9.51, 0.2182,0,Y, 0.00831,       ,       , ,N,Y,N,cand, 0.00762, 0.33417,2,12.28,1,2,All,2M,Simbad,133.01439299999998,21.360267999999998,9.51
975,212069223,14.047726,14.93322,21.44094450968768,5.359653624352469,0.04220196596482247,128.44553632591365,13.1286125,665458595007014912,JS 45  ,0.62,14.23,11.15,14.66, 0.7871,0,Y, 0.00857,       ,       , ,N,Y,N,    , 0.00767, 0.34713,2,14.09,1,2,All,2M,Simbad,128.445705,21.441010000000002,14.66
983,212074908,12.911443,13.697773,21.54605801586549,5.3942410124039135,0.45389231246408346,129.6173019131827,12.052224,664770472526841472,JS231  ,0.95,12.93,10.2,13.66, 0.2869,0,Y, 0.00775,       ,       , ,N,Y,N,conf, 0.00873, 0.40865,2,12.83,1,2,All,2M,Simbad,129.61746599999998,21.546126,13.66
984,212075775,11.53983,11.937192,21.561656990105504,5.359579189347476,0.05491876169920949,130.15080951408973,11.007102,665129291274350976,       ,1.01,11.61,9.97, 9.02, 0.2018,0,Y, 0.00830,       ,       , ,N,Y,N,    , 0.00664, 0.26359,D,11.45,2,2,All,2M,Simbad,130.15098600000002,21.561719,9.02
985,212075988,13.902045,14.722241,21.565437984573176,5.2769078403266,0.02933360317313836,129.24079877473912,13.023156,664814727869793536,JS156  ,0.62,13.89,11.12,13.98, 0.6335,0,Y, 0.00896,       ,       , ,N,Y,N,    , 0.01245, 0.51515,D,13.8,2,2,All,2M,Simbad,129.240957,21.565496,13.98
988,212077235,13.641035,14.307997,21.589489333949704,4.150895098492423,0.027698490899247294,127.79337532501926,12.8661,665530406860150912,AD 1459,0.61,13.63,11.21,16.16, 0.2908,0,Y, 0.00748,       ,       , ,N,M,N,    , 0.01038, 0.28020,2,13.69,1,2,All,2M,Simbad,127.793522,21.589564000000003,16.16
992,212078811,15.499498,16.731792,21.618438824824,5.54392617910772,0.0853041298558594,131.22427383857732,14.377043,664909835625008256,AD 3349,0.47,15.87,12.01,23.67, 0.7191,0,Y, 0.00792,       ,       , ,N,M,Y,    , 0.01146, 0.45626,2,15.19,0,2,All,2M,Simbad,131.224474,21.618479999999998,23.67
993,212080687,10.407047,10.6937065,21.65353004826067,5.236533849889874,0.0779136638207377,131.36626481121152,9.981182,665004702861616256,JS596  ,1.18,10.34,9.26, 4.92, 0.5092,0,Y, 0.00778,       ,       , ,N,Y,N,    , 0.00535, 0.15733,K,10.34,1,1,All,2M,Simbad,131.36643899999999,21.653576,4.92
994,212081702,10.40414,10.767578,21.67163315682793,5.597635847709588,0.04702067263944514,130.84387194770818,9.905735,664963024499946496,JS532  ,1.24,10.36,8.97,11.17, 0.7738,0,Y, 0.00804,       ,       , ,N,Y,N,conf, 0.01304, 0.59481,2,10.34,1,1,All,2M,Simbad,130.844045,21.671699,11.17
1004,212088355,12.622367,13.078378,21.79506359780147,3.559260684013107,0.05959160939165361,127.14549436944493,12.018189,665713505609707392,AD 1135,0.75,12.64,10.73,     ,       ,2, ,        ,       ,       , , , , ,    ,        ,        , ,12.62,1,2,All,2M,Simbad,127.145624,21.795114,0.0
1016,212104191,9.562928,9.799806,22.102003767769297,6.1467294075457035,0.11632172057980168,126.99205692594448,9.208923,665785802795255808,II 490 ,1.4,9.56,8.63, 1.13, 0.0492,0,Y, 0.00809,       ,       , ,N,N,N,    , 0.00129, 0.01336,2,9.49,1,1,All,2M,Simbad,126.99220700000001,22.10207,1.13
1030,212112578,12.070869,12.562875,22.269234822064888,5.744007682186556,0.0503191034739731,130.91151501446177,11.4491005,665276415377154688,AD 3228,0.92,12.03,10.25, 8.89, 0.4606,0,Y, 0.00797,       ,       , ,N,Y,N,    , 0.02050, 0.91958,K,12.29,1,2,All,2M,Simbad,130.91166299999998,22.269209,8.89
1033,212127087,14.97904,16.110216,22.558974081988367,5.694085772561425,0.04669438869954039,132.0613608665256,13.920832,689130461877120256,       ,0.56,15.28,11.65,18.11, 0.6055,0,Y, 0.00730,       ,       , ,N,Y,N,    , 0.02205, 0.90880,2,15.13,0,1,All,2M,Simbad,132.061544,22.55905,18.11
1040,212140975,12.830451,13.305416,22.84087291431858,1.3862410039275848,0.04030245295877147,132.5921812114539,12.208698,689116030787033728,AD 3770,0.66,12.58,10.9,     ,       ,2, ,        ,       ,       , , , , ,    ,        ,        , ,12.64,1,2,All,2M,Simbad,132.592288,22.840870000000002,0.0
1042,212147595,14.127757,14.975871,22.98112872162268,5.0322979922037145,0.043518714628526946,126.47642836155403,13.224611,677917607937780224,AD 0795,0.61,14.17,11.28,14.11, 0.2680,0,Y, 0.00809,       ,       , ,N,Y,N,    , 0.00470, 0.16585,2,14.15,1,2,All,2M,Simbad,126.47656699999999,22.981195,14.11
1046,212158768,12.189219,12.67233,23.226910551515864,4.341573434670322,0.09176867953941618,127.55038964485784,11.565853,677975641541260416,AD 1336,0.92,12.15,10.26,28.91, 0.6552,0,Y, 0.00833,       ,       , ,N,N,Y,    , 0.00590, 0.23847,2,12.19,1,2,All,2M,Simbad,127.550573,23.226943,28.91
