,source_id,designation,gaia_ref_epoch,ra_gaia,ra_error,dec_gaia,dec_error,parallax,parallax_error,parallax_over_error,pmra,pmra_error,pmdec,pmdec_error,ra_dec_corr,ra_parallax_corr,ra_pmra_corr,ra_pmdec_corr,dec_parallax_corr,dec_pmra_corr,dec_pmdec_corr,parallax_pmra_corr,parallax_pmdec_corr,pmra_pmdec_corr,astrometric_chi2_al,astrometric_excess_noise,astrometric_excess_noise_sig,astrometric_primary_flag,duplicated_source,phot_g_mean_flux,phot_g_mean_flux_error,phot_g_mean_mag,phot_bp_mean_flux,phot_bp_mean_flux_error,phot_bp_mean_mag,phot_rp_mean_flux,phot_rp_mean_flux_error,phot_rp_mean_mag,bp_rp,bp_g,g_rp,radial_velocity,radial_velocity_error,phot_variable_flag,l,b,ecl_lon,ecl_lat,teff_val,teff_percentile_lower,teff_percentile_upper,a_g_val,a_g_percentile_lower,a_g_percentile_upper,e_bp_min_rp_val,e_bp_min_rp_percentile_lower,e_bp_min_rp_percentile_upper,radius_val,radius_percentile_lower,radius_percentile_upper,lum_val,lum_percentile_lower,lum_percentile_upper,r_est,r_lo,r_hi,r_length_prior,r_result_flag,r_modality_flag,kepid,tm_designation,ra_kepler,dec_kepler,kepmag,teff,teff_err1,teff_err2,teff_prov,logg,logg_err1,logg_err2,logg_prov,feh,feh_err1,feh_err2,feh_prov,radius,radius_err1,radius_err2,mass,mass_err1,mass_err2,prov_sec,nconfp,nkoi,ntce,jmag,hmag,kmag,planet?,kepler_gaia_ang_dist,id,KIC,RAJ2000,DEJ2000,gmag,rmag,Per,e_Per,o_Per,Mm,Simbad,ra_kepler,dec_kepler
0,2128096616604445312,Gaia DR2 2128096616604445312,2015.5,294.2782571525782,0.018334630694027035,45.9718412770282,0.021580910625919197,0.8515551812764347,0.021018903794468635,40.51378,-3.4036853481010656,0.03918622069316335,-8.742249796991443,0.044657915081288115,-0.11874466,-0.18431462,-0.2127687,-0.028606959,0.19681917,-0.05597127,-0.4619971,-0.06674273,0.13089477,0.027127415,208.94814,0.0,0.0,False,False,25335.182229796403,10.727567117556895,14.679055,13767.613016271645,41.120371511387994,15.004242,16840.806888312185,25.95918554749299,14.1960125,0.80822945,0.32518673,0.48304272,0.0,,NOT_AVAILABLE,78.8173153064958,11.85241621818594,314.0635190626259,65.73821106542866,5801.75,5583.68,5872.0,0.251,0.1256,0.3444,0.125,0.0574,0.1728,1.1617696,1.1341382,1.2542872,1.3777514,1.2867472,1.4687555,1136.31141183095,1109.59926006893,1164.31668634079,1165.85351831801,1,1,9410241,2MASS J19370678+4558188,294.27829,45.971889,14.701,6296,170,-207,PHO1,4.481,0.05,-0.2,KIC0,-0.36,0.25,-0.35,KIC0,0.966,0.29,-0.097,1.03,0.133,-0.133,DSEP,0,0,0,13.663,13.387,13.286,none,0.1904485281961707,242.0,9410241,19 37 06.79,+45 58 18.8,15.08,14.67,7.17,0.13,4,CSM,Simbad,294.27829166666663,45.97188888888889
1,2128018963596952832,Gaia DR2 2128018963596952832,2015.5,293.8053562696055,0.01757477128118813,46.0620360773656,0.017719674942175585,0.8700112119793785,0.01921064908576387,45.287964,-3.416498644240126,0.035250414507797444,-8.952392349876085,0.033200304192283155,-0.03358577,-0.11201391,-0.27398095,-0.02699571,0.23430455,-0.10859756,-0.4123479,-0.28987584,-0.15347336,0.009323845,151.08888,0.0,0.0,False,False,52110.099216570445,12.8649610052513,13.896061,30111.27064970743,48.96574965902781,14.154566,32477.578702636638,51.09751518949093,13.482961,0.6716051,0.25850487,0.41310024,0.0,,NOT_AVAILABLE,78.74829472447931,12.186222474598296,313.4138832772525,65.95108542757063,6418.233,6075.467,6794.0,0.326,0.1973,0.3874,0.1577,0.0874,0.1948,1.3202106,1.178211,1.4733803,2.6646676,2.5027118,2.8266234,1112.84255720349,1089.36992767957,1137.32971793532,1115.0356471385,1,1,9469799,2MASS J19351328+4603434,293.80536,46.06208,14.34,6718,214,-262,PHO54,3.95,0.357,-0.127,PHO54,-0.42,0.3,-0.3,PHO54,1.947,0.51,-0.765,1.231,0.182,-0.203,DSEP,0,0,0,13.027,12.837,12.786,none,0.15839582083733647,627.0,9469799,19 35 13.28,+46 03 43.5,14.86,14.29,2.53,0.09,4,CSM,Simbad,293.8053333333333,46.062083333333334
2,2128020166187804288,Gaia DR2 2128020166187804288,2015.5,293.84393607137974,0.03390164514150471,46.04810423939214,0.03448316514620532,0.854613996827304,0.03924854128599945,21.774414,-3.2961120187935156,0.07041854380251895,-8.937502672551545,0.06619351152430719,-0.027702376,-0.22756794,-0.06577688,-0.032423187,0.22603582,-0.13399284,-0.3794644,-0.30674827,-0.17632832,0.036625236,169.62173,0.0,0.0,False,False,9026.942071278454,7.115032816739873,15.799514,4413.521320105538,17.33797240187994,16.239426,6609.238747540453,10.630303951251388,15.211541,1.0278845,0.43991184,0.58797264,0.0,,NOT_AVAILABLE,78.74783689441156,12.156044760102713,313.4607694658007,65.92772974275742,5108.314,5006.0,5221.0,0.2142,0.1143,0.3195,0.1078,0.0665,0.1571,0.92717844,0.8875873,0.96546555,0.5273897,0.47194952,0.5828299,1133.92847518043,1085.23072753749,1187.11005766501,1119.44503244295,1,1,9469908,2MASS J19352254+4602532,293.84393,46.04813,15.826,5645,152,-169,PHO1,4.549,0.032,-0.168,KIC0,0.0,0.25,-0.3,KIC0,0.865,0.207,-0.069,0.965,0.083,-0.115,DSEP,0,0,0,14.505,14.098,14.077,none,0.09397072908284741,651.0,9469908,19 35 22.54,+46 02 53.3,16.4,15.76,10.76,0.32,4,CSM,Simbad,293.84391666666664,46.048138888888886
3,2128099670319729408,Gaia DR2 2128099670319729408,2015.5,294.2270187985419,0.03383138956069708,46.09569908107826,0.029282522840696688,0.8908079035473533,0.03814043289939048,23.355999,-3.3417832969082246,0.06480061232471397,-8.911225934575505,0.05264161884192744,-0.31905508,-0.49352336,-0.050340194,0.047945026,0.51248914,-0.05677712,-0.19529162,-0.033193536,-0.16979417,-0.073378526,125.97146,0.0,0.0,False,False,16139.7448226635,10.472265392851096,15.168624,8505.773404674348,26.8472532559833,15.527103,11117.977960201848,23.579541823635655,14.646855,0.88024807,0.3584795,0.52176857,0.0,,NOT_AVAILABLE,78.91370976214417,11.940217369872807,314.1043829267203,65.8659824618792,5855.3335,5495.38,6252.937,0.0767,0.023,0.1861,0.0415,0.013,0.095,0.8689724,0.76197577,0.98653805,0.7996745,0.7208675,0.8784815,1089.16222360973,1045.37439408959,1136.70309178637,1152.16080109775,1,1,9470987,2MASS J19365448+4605446,294.22702,46.095741,15.19,6173,184,-220,PHO1,4.447,0.056,-0.21,KIC0,-0.04,0.25,-0.35,KIC0,1.041,0.341,-0.114,1.104,0.151,-0.151,DSEP,0,0,0,14.064,13.757,13.568,none,0.15093792222287253,755.0,9470987,19 36 54.48,+46 05 44.7,15.64,15.13,9.62,0.36,4,CSM,Simbad,294.22700000000003,46.09575
4,2128099502822797952,Gaia DR2 2128099502822797952,2015.5,294.2465915746815,0.0392784428052097,46.09849034856165,0.03501139287482516,0.9638701350116161,0.042569252182232155,22.642403,-3.326386643158771,0.08292453141333396,-8.70825796411609,0.07578375903927004,-0.18205671,-0.4258479,-0.35383433,-0.09477895,0.35014528,-0.13391463,-0.08129751,0.15523508,-0.15057006,-0.1433558,186.41211,0.10818392394110166,1.1176428148484117,False,False,12025.014735769171,6.97980399268174,15.488152,5605.928781717829,15.153713735194927,15.97977,9222.39994750604,21.91362712685491,14.84981,1.1299601,0.49161816,0.6383419,0.0,,NOT_AVAILABLE,78.92253087517449,11.929376708073658,314.13754048132427,65.86312135161299,4946.0,4883.293,4979.6665,0.4733,0.2617,0.639,0.229,0.1574,0.294,1.0293785,1.0155067,1.055985,0.5712962,0.5143979,0.6281945,1009.27317403217,967.358848891084,1054.9093659161,1153.8470336893,1,1,9471038,2MASS J19365918+4605547,294.24661,46.098541,15.522,5401,159,-159,PHO1,4.527,0.063,-0.117,KIC0,-0.12,0.3,-0.3,KIC0,0.826,0.151,-0.088,0.838,0.096,-0.077,DSEP,0,0,0,14.083,13.663,13.563,none,0.18805674308712342,769.0,9471038,19 36 59.18,+46 05 54.7,16.16,15.45,9.9,0.28,2,CSM,Simbad,294.2465833333333,46.09852777777778
5,2128098746908279680,Gaia DR2 2128098746908279680,2015.5,294.3395669379993,0.03337495930747279,46.060027455941,0.031898935630379606,0.830614270487242,0.03711461497046699,22.37971,-3.4707226142100875,0.0679934109182714,-8.919012234025324,0.06658734528105134,-0.25422674,-0.4244053,-0.27154028,-0.008158055,0.3526022,0.012088977,-0.22687146,0.055686943,-0.0007610749,-0.07298033,188.29971,0.0,0.0,False,False,11247.346938238787,11.515236429290892,15.56074,5601.300295523438,21.93807638274266,15.980666,8095.66931396605,17.07003941337483,14.991288,0.989378,0.4199257,0.5694523,0.0,,NOT_AVAILABLE,78.91735381116756,11.854455782690676,314.2443854959242,65.80208544099561,5323.0,5171.0,5425.0,0.22,0.017,0.4251,0.109,0.0159,0.21,0.96403015,0.92811984,1.0215379,0.6722051,0.60269153,0.74171865,1165.48935387168,1116.78141238967,1218.55106206925,1165.57630054449,1,1,9471316,2MASS J19372149+4603362,294.33957,46.060081,15.568,5830,157,-175,PHO1,4.54,0.036,-0.204,KIC0,-0.14,0.3,-0.3,KIC0,0.876,0.246,-0.082,0.97,0.116,-0.116,DSEP,0,0,0,14.344,13.947,14.003,none,0.19291031733128297,827.0,9471316,19 37 21.50,+46 03 36.3,16.1,15.51,11.23,0.98,4,CSM,Simbad,294.33958333333334,46.06008333333333
6,2128098849987500160,Gaia DR2 2128098849987500160,2015.5,294.348607143561,0.021897088277632207,46.06609838262238,0.021562024356005058,0.8795344097265496,0.024406183393612568,36.03736,-3.3468564727787387,0.044288803348210816,-8.613242688598108,0.043801875868709345,-0.26454285,-0.3995282,-0.25190392,0.005773073,0.35656598,-0.0067428155,-0.24176522,0.021437462,-0.04775033,-0.123526484,173.3347,0.0,0.0,False,False,29462.062861905324,8.479627249045683,14.515208,16311.260519962327,33.08723855521813,14.820169,19325.487293648628,18.942528417222526,14.046594,0.7735758,0.3049612,0.46861458,0.0,,NOT_AVAILABLE,78.92578963504077,11.851619926802158,314.26433736204854,65.80513994308528,5997.267,5327.45,6710.46,0.097,0.03,0.2088,0.04,0.014,0.1081,1.1298745,0.9024692,1.4318522,1.4878826,1.3821398,1.5936254,1101.51328625914,1072.45061103044,1132.164396747,1166.0283015128,1,1,9471344,2MASS J19372367+4603581,294.34863,46.066139,14.568,6388,157,-204,PHO1,4.442,0.062,-0.188,KIC0,-0.28,0.25,-0.3,KIC0,1.037,0.304,-0.122,1.084,0.146,-0.133,DSEP,0,0,0,13.551,13.276,13.255,none,0.15697243658328042,832.0,9471344,19 37 23.68,+46 03 58.1,14.92,14.52,6.33,0.24,5,CSM,Simbad,294.34866666666665,46.06613888888889
7,2128019994389145728,Gaia DR2 2128019994389145728,2015.5,293.9456632721906,0.03078282461319957,46.10748901016743,0.03164808291879137,0.8954773537292181,0.03627828184704637,24.683565,-3.5531633493158488,0.06431389385629507,-8.785113333573028,0.05693526903834658,-0.11489696,-0.266232,-0.24342902,0.07632598,0.4157131,-0.0067000045,-0.22698508,-0.08277422,-0.20609096,0.044545833,172.6042,0.0,0.0,False,False,11781.55154746211,10.526187245845833,15.51036,5943.863221592537,33.74092896429596,15.916216,8465.717471319429,35.850616547334454,14.94276,0.9734554,0.40585613,0.5675993,0.0,,NOT_AVAILABLE,78.83452327376203,12.119660164815544,313.677341782574,65.95439026795881,5354.0,5327.6665,5386.0,0.1038,0.0223,0.2961,0.061,0.0172,0.1413,0.9027732,0.89207774,0.9117197,0.60334474,0.5465119,0.6601776,1083.42496418006,1042.12623501053,1128.06509249276,1124.91333274667,1,1,9531467,2MASS J19354696+4606270,293.94568,46.107521,15.554,5806,157,-175,PHO1,4.528,0.035,-0.196,KIC0,-0.04,0.3,-0.3,KIC0,0.899,0.246,-0.082,0.996,0.116,-0.127,DSEP,0,0,0,14.329,13.969,13.803,none,0.12249799381459525,1314.0,9531467,19 35 46.96,+46 06 27.1,16.08,15.49,11.29,0.21,5,CSM,Simbad,293.94566666666657,46.107527777777776
8,2128111975407524480,Gaia DR2 2128111975407524480,2015.5,294.1819666921434,0.025299459138802206,46.1536052013647,0.030119614087260264,0.8536203971909366,0.03283499198863985,25.997278,-3.3296373938250143,0.055243502938767945,-8.72937169121575,0.051408055555739116,-0.22952044,-0.32796684,-0.1899036,-0.02995171,0.5243187,-0.12778135,-0.11786577,-0.05469895,-0.15545519,-0.11712207,187.85634,0.0,0.0,False,False,17642.854171941297,10.728635075601899,15.071943,9319.88781728538,33.388694213578056,15.427861,12102.823190231471,20.197835662032382,14.554704,0.8731575,0.35591793,0.5172396,0.0,,NOT_AVAILABLE,78.95207912746515,11.994247210015317,314.09091321956436,65.93154068252868,5744.0,5392.03,6079.8076,0.174,0.025,0.3353,0.079,0.013,0.1635,0.9884528,0.88227737,1.1217091,0.958218,0.8706549,1.0457811,1134.57511610924,1093.50488240045,1178.78811425857,1143.88600694946,1,1,9532127,2MASS J19364368+4609130,294.18201,46.153629,15.085,6208,172,-237,PHO1,4.454,0.056,-0.224,KIC0,-0.12,0.25,-0.35,KIC0,1.024,0.332,-0.111,1.086,0.153,-0.153,DSEP,0,0,0,13.991,13.698,13.727,none,0.13785729609078212,1390.0,9532127,19 36 43.69,+46 09 13.1,15.54,15.05,9.95,0.25,4,SM ,Simbad,294.18204166666663,46.153638888888885
9,2080086338300220032,Gaia DR2 2080086338300220032,2015.5,294.88856044556013,0.018912375347991364,46.191501699528914,0.020547254657871866,0.8712317295525184,0.020906422921474425,41.67292,-3.377991122423268,0.041006963352427095,-8.762981818595954,0.043564792468929275,0.045836072,-0.0015429414,-0.18405706,-0.17164464,0.15349485,-0.19260822,-0.3279043,-0.2086469,-0.038862955,0.027091876,175.39319,0.0,0.0,False,False,20597.4115143897,8.278872735908022,14.903834,11096.55134040826,23.954244180014303,15.238419,13888.877082476913,17.907679055825948,14.405252,0.8331661,0.33458424,0.4985819,0.0,,NOT_AVAILABLE,79.2141238268962,11.57585212145689,315.22250741209353,65.76866115235516,5777.6665,5675.75,5865.0,0.1115,0.014,0.2523,0.0538,0.0076,0.125,1.0331646,1.0026249,1.0706018,1.0716271,1.0026989,1.1405554,1111.47412204979,1086.03708661293,1138.10849204032,1210.85168361876,1,1,9534045,2MASS J19393326+4611295,294.88861,46.191528,14.911,6277,174,-239,PHO1,4.417,0.065,-0.195,KIC0,-0.02,0.25,-0.3,KIC0,1.097,0.329,-0.141,1.148,0.157,-0.157,DSEP,0,0,0,13.825,13.526,13.526,none,0.15561345390728398,1795.0,9534045,19 39 33.27,+46 11 29.5,15.32,14.86,9.86,0.34,4,CM ,Simbad,294.888625,46.19152777777777
10,2128072564788836096,Gaia DR2 2128072564788836096,2015.5,293.67012056104596,0.02301087154480462,46.295609586302405,0.026724211310505376,0.8255483757332612,0.02691234220408527,30.675457,-3.3707719820998174,0.05565740426932098,-8.773351151662617,0.05173557901528761,-0.1135544,-0.08868712,-0.15528427,0.047927685,0.3830503,0.041755334,-0.41925672,-0.0068798657,-0.09998502,-0.12420475,269.96652,0.09660433307296362,1.291034356895211,False,False,18023.67064826761,7.016711638434952,15.048758,9502.66091470317,18.053819574659375,15.406775,12342.581495112778,22.390457239430404,14.533405,0.8733702,0.35801792,0.51535225,0.0,,NOT_AVAILABLE,78.91925962997485,12.374419261378407,313.4291834111088,66.20265294105855,5635.0,5487.5474,5873.0,0.2015,0.135,0.292,0.1005,0.0494,0.144,1.0776503,0.9920777,1.1363422,1.054936,0.9691673,1.1407049,1171.28325890743,1135.2131606353,1209.67508644136,1088.64253037443,1,1,9592579,2MASS J19344082+4617444,293.6701,46.29567,15.106,6108,171,-214,PHO1,4.466,0.054,-0.216,KIC0,0.07,0.25,-0.3,KIC0,1.03,0.341,-0.114,1.132,0.135,-0.166,DSEP,0,1,3,13.977,13.655,13.65,cand,0.22342159635153466,1942.0,9592579,19 34 40.82,+46 17 44.4,15.58,15.05,10.32,0.35,4,CSM,Simbad,293.6700833333333,46.29566666666666
11,2128162415503633920,Gaia DR2 2128162415503633920,2015.5,293.8052333211795,0.027136320072394606,46.2556430127094,0.03441036892923136,0.8664861018543055,0.031651498130436585,27.375832,-3.396641849413629,0.06286549529178911,-8.81534439849035,0.0709080271424033,-0.2082131,-0.13759357,-0.1839827,0.10591615,0.2555872,0.09439816,-0.47250876,-0.051818777,-0.028191395,-0.20839223,182.00616,0.0,0.0,False,False,9595.238712511671,5.427745589195853,15.733226,4195.6690119916875,16.957038057836332,16.294386,7807.317792106147,17.13731816409382,15.030665,1.2637205,0.5611601,0.7025604,0.0,,NOT_AVAILABLE,78.9253766098772,12.273013953614935,313.60218038792317,66.12895196518522,4850.36,4648.24,5113.0,,,,,,,1.0762403,0.96851325,1.1718715,0.57757586,0.52703094,0.6281208,1118.09111355554,1079.57568684755,1159.40092271181,1102.81613533512,1,1,9592939,2MASS J19351325+4615204,293.80524,46.255669,15.712,4987,149,-149,PHO1,4.611,0.066,-0.039,KIC0,-0.62,0.35,-0.3,KIC0,0.654,0.058,-0.064,0.637,0.074,-0.037,DSEP,0,0,0,14.163,13.729,13.587,none,0.09501990731154765,2003.0,9592939,19 35 13.25,+46 15 20.4,16.48,15.7,11.17,0.12,4,CM ,Simbad,293.80520833333327,46.25566666666667
12,2128119087873695232,Gaia DR2 2128119087873695232,2015.5,294.16025215195697,0.02043275007805077,46.256990458447575,0.02438576917602097,0.9191637711218181,0.02552373473223005,36.01212,-3.4063330065419333,0.046504543526239416,-8.544726140790853,0.04631194578805209,-0.0213904,-0.011250611,-0.10815534,-0.040584575,0.3817892,-0.10317928,-0.16046615,-0.15719177,-0.12641735,-0.045119278,204.6879,0.0,0.0,False,False,15665.325351459527,7.854571159436278,15.201017,8010.641541293157,17.719505717910835,15.59222,11105.545992366357,13.865788605077375,14.64807,0.94415,0.39120293,0.55294704,0.0,,NOT_AVAILABLE,79.03945960013081,12.054333668113092,314.1587182897268,66.03230123945814,5470.47,5347.3335,6065.67,0.1037,0.034,0.2161,0.046,0.0089,0.1042,0.9648093,0.7847535,1.0097556,0.75106287,0.6983046,0.80382115,1055.48910595714,1027.58367498789,1084.92303524842,1134.87172165036,1,1,9593885,2MASS J19363846+4615254,294.16028,46.257061,15.222,5811,158,-175,PHO1,4.571,0.033,-0.176,KIC0,-0.36,0.3,-0.3,KIC0,0.811,0.211,-0.07,0.898,0.099,-0.099,DSEP,0,0,0,14.021,13.664,13.604,none,0.2632399820465789,2136.0,9593885,19 36 38.47,+46 15 25.4,15.74,15.18,10.49,0.42,5,CSM,Simbad,294.16029166666664,46.25705555555555
13,2128118916075039360,Gaia DR2 2128118916075039360,2015.5,294.2330044275562,0.03420069032040682,46.27824580336594,0.04014742420159055,0.8348935217618579,0.04272922287415444,19.53917,-3.5140375692127974,0.0798057805176287,-8.576403177458168,0.08121019660003166,0.00790725,0.024854241,-0.09597536,0.0064755306,0.3015074,-0.06886392,-0.17453244,-0.26483068,-0.13944763,0.010667114,189.31702,0.0,0.0,False,False,6600.081926477868,4.163947242612695,16.139492,3127.909840785922,25.030741557452686,16.613253,5048.581279527353,15.6200113427919,15.503997,1.1092558,0.4737606,0.6354952,0.0,,NOT_AVAILABLE,79.08207181191437,12.01905847693473,314.29311457771684,66.031584827917,5002.6797,4880.0,5276.75,0.266,0.133,0.362,0.13,0.0697,0.1837,0.8551602,0.76863444,0.8986969,0.4126677,0.36507195,0.46026343,1160.34539942753,1104.23614496544,1222.34074851318,1140.22960903688,1,1,9594099,2MASS J19365592+4616418,294.23303,46.278278,16.146,5355,185,-185,KIC0,4.59,0.037,-0.12,KIC0,-0.14,0.3,-0.3,KIC0,0.775,0.143,-0.061,0.86,0.077,-0.096,DSEP,0,0,0,14.664,14.269,14.193,none,0.13222410804903154,2189.0,9594099,19 36 55.92,+46 16 41.8,16.84,16.11,9.98,0.66,4,CSM,Simbad,294.233,46.278277777777774
14,2128118572477647360,Gaia DR2 2128118572477647360,2015.5,294.23327302548375,0.029953082832477013,46.255064858259004,0.04156766745915324,0.957517289270558,0.03981762627901997,24.047573,-3.3790457370467415,0.06829672122454285,-8.62673196917292,0.075797225299038,0.013925001,-0.04604139,-0.055634867,-0.0073020332,0.37399447,-0.074059695,-0.2660294,-0.19675806,-0.14798398,-0.028152378,938.29913,0.21994127291276222,15.850399947271331,False,False,126297.81947635759,46.11540524043862,12.934876,74472.64529164357,106.64434609827163,13.171396,76561.28887002761,51.03668317864029,12.551897,0.6194992,0.23651981,0.3829794,0.0,,NOT_AVAILABLE,79.0610160361618,12.008416442999279,314.2706180524148,66.0102821842468,6679.0,6489.93,6893.25,1.1293,0.9474,1.272,0.575,0.4605,0.635,1.7240121,1.618509,1.8259258,5.3286977,4.927165,5.7302303,1015.50766814873,975.723046767601,1058.60835041146,1141.82380797967,1,1,9594100,2MASS J19365598+4615184,294.23328,46.255131,13.014,6728,162,-203,PHO1,3.426,0.408,-0.072,FLK73,-0.5,0.4,-0.3,KIC0,4.248,0.613,-1.961,1.755,0.151,-0.453,DSEP,0,0,0,12.145,11.953,11.897,none,0.23874234320068463,2190.0,9594100,19 36 55.98,+46 15 18.5,13.22,12.95,0.96,0.01,6,CSM,Simbad,294.23325,46.25513888888889
15,2128106477849445248,Gaia DR2 2128106477849445248,2015.5,294.29740093456064,0.01994728628199434,46.20762823553681,0.02313281002963172,0.8707630083309166,0.02421451647270858,35.960373,-3.3439244647319066,0.04529026995714609,-8.735738026218687,0.04699992684244396,-0.074146226,-0.19020538,-0.09205982,-0.101353765,0.32481793,-0.1633355,-0.24673577,-0.17337765,-0.025424458,-0.012542717,154.6602,0.0,0.0,False,False,20587.530930485333,6.376659416566755,14.904355,10919.144112906017,20.59260658692827,15.255917,14047.481811009677,20.006514451318584,14.392923,0.86299324,0.35156155,0.5114317,0.0,,NOT_AVAILABLE,79.0382831648825,11.947395550076383,314.3236224233414,65.94902411572025,5765.5,5643.3335,5925.0,0.215,0.0889,0.389,0.125,0.0226,0.203,1.0382309,0.98308533,1.0836686,1.0730761,0.9964802,1.149672,1112.23716998685,1082.84035444193,1143.24361199392,1151.14145457401,1,1,9594287,2MASS J19371137+4612276,294.29736,46.207668,14.934,6199,168,-225,PHO1,4.454,0.056,-0.224,KIC0,-0.14,0.25,-0.3,KIC0,1.017,0.35,-0.117,1.071,0.159,-0.144,DSEP,0,0,0,13.847,13.522,13.425,none,0.17576422429502248,2228.0,9594287,19 37 11.37,+46 12 27.6,15.38,14.9,9.62,0.24,4,CSM,Simbad,294.29737499999993,46.20766666666667
16,2128107783519547648,Gaia DR2 2128107783519547648,2015.5,294.41590677914314,0.02278971201279215,46.25852120667984,0.02868538512283767,0.9071404265348669,0.02745745946548116,33.038033,-2.8548684185720705,0.05268950221427687,-7.820088610045062,0.056058913956852065,-0.059990328,-0.051106248,-0.22733097,-0.08983826,0.2773248,-0.14279242,-0.24917921,-0.152127,-0.008518469,-0.026161086,159.49382,0.0,0.0,False,False,16016.813034519826,7.231571048100036,15.176926,8235.68986928907,16.270493456147463,15.562139,11340.40134336733,17.407973788055664,14.625349,0.9367895,0.3852129,0.5515766,0.0,,NOT_AVAILABLE,79.12262504399591,11.897397482822901,314.5580778005784,65.96260421325695,5298.4497,5185.75,5409.25,,,,,,,1.0649492,1.0217682,1.1117402,0.80528146,0.74480927,0.86575365,1069.2077652167,1038.47394042595,1101.78057717575,1158.94787182276,1,1,9594645,2MASS J19373981+4615309,294.41589,46.258591,15.206,6052,170,-191,PHO1,4.368,0.149,-0.182,KIC0,-0.38,0.3,-0.3,KIC0,1.039,0.297,-0.183,0.92,0.13,-0.095,DSEP,0,0,0,13.949,13.618,13.515,none,0.25470337271651133,2308.0,9594645,19 37 39.81,+46 15 30.9,15.7,15.17,10.44,0.28,7,SM ,Simbad,294.41587499999997,46.258583333333334
17,2128128055765212416,Gaia DR2 2128128055765212416,2015.5,294.54525951769745,0.0284800648342241,46.27613027413572,0.03289850825108518,0.8093213806415249,0.03249057134160611,24.909422,-3.5388060421298806,0.05952175749079527,-8.795416273243895,0.06273799557253137,-0.09575612,-0.14114064,-0.07399272,-0.09970805,0.042517602,-0.13304965,-0.34496307,-0.2462243,0.035251863,-0.011707358,206.77565,0.0,0.0,False,False,9577.244801725572,7.900806758103582,15.735264,4714.141910800834,15.978216745653711,16.167881,6969.68830367173,16.59959357711206,15.153887,1.0139942,0.4326172,0.581377,0.0,,NOT_AVAILABLE,79.18017812600998,11.82574725354382,314.77624503260466,65.94253715502377,5243.7734,5072.21,5337.107,0.2523,0.063,0.4581,0.1122,0.0233,0.1924,0.94615823,0.9133554,1.0112468,0.60981476,0.5515155,0.668114,1194.61955917403,1149.63357009101,1243.19739421668,1170.22989774208,1,1,9595006,2MASS J19381087+4616342,294.54529,46.27618,15.75,5695,169,-169,PHO1,4.564,0.04,-0.16,KIC0,-0.2,0.3,-0.3,KIC0,0.827,0.191,-0.076,0.918,0.092,-0.112,DSEP,0,0,0,14.464,14.032,13.962,none,0.19441860864116742,2380.0,9595006,19 38 10.87,+46 16 34.2,16.29,15.68,11.18,0.11,5,CSM,Simbad,294.5452916666666,46.27616666666667
18,2080089877353287040,Gaia DR2 2080089877353287040,2015.5,294.82212018272475,0.01621821623580806,46.293945236260036,0.017381450232957098,0.968313238297308,0.01706201985961194,56.752556,2.4779225445054074,0.034376621124105604,-6.099892105851278,0.034201756968894895,0.09567971,-0.15295625,-0.25600487,-0.1805299,0.14101577,-0.19210449,-0.44124717,-0.06982326,0.028506389,0.09908952,203.09175,0.0,0.0,False,False,29552.832976785867,7.678898365318176,14.511868,15894.505714527944,28.555222247060353,14.84827,19856.19035761148,35.76988398167559,14.01718,0.83109,0.3364029,0.49468708,0.0,,NOT_AVAILABLE,79.28557494086441,11.663647145061299,315.22220980572666,65.88093804431267,5785.5,5743.0,5818.0,0.153,0.094,0.278,0.0755,0.0459,0.1621,1.1101975,1.0978289,1.12669,1.2441102,1.1813629,1.3068576,1003.03512249127,986.027902785936,1020.6283534776,1196.33912173462,1,1,9595724,2MASS J19391730+4617383,294.82211,46.29398,14.536,6268,174,-261,KIC0,4.429,0.054,-0.202,KIC0,0.07,0.25,-0.35,KIC0,1.1,0.346,-0.123,1.188,0.152,-0.186,DSEP,0,0,0,13.49,13.245,13.111,none,0.12768691380840602,2545.0,9595724,19 39 17.31,+46 17 38.3,14.95,14.48,12.66,0.32,3,CSM,Simbad,294.8221249999999,46.29397222222222
19,2128122420768295808,Gaia DR2 2128122420768295808,2015.5,294.06518396728137,0.027560418400075226,46.30258694450484,0.029428381816725968,0.8911043983671697,0.03216390982610598,27.705101,-3.3297154185079267,0.06332817726194895,-8.805703825253824,0.05244057391600097,0.0089289,0.01613004,-0.07481742,0.009368118,0.35128215,-0.06063591,-0.25943777,-0.22979027,-0.15364404,-0.013726474,169.08292,0.0,0.0,False,False,9617.871027418998,5.975670344776154,15.730668,4759.100545319111,15.159958051587054,16.157576,7006.433710928131,14.8551794406574,15.148177,1.0093985,0.42690754,0.5824909,0.0,,NOT_AVAILABLE,79.05080352730225,12.133537030309386,314.05533983406906,66.10039956376984,5326.3335,5254.5,5377.0,0.1025,0.0083,0.2311,0.056,0.0053,0.1141,0.8297254,0.8141624,0.8525666,0.49920267,0.45619518,0.54221016,1088.2060221352,1051.11571694195,1127.95705968287,1123.11706624391,1,1,9654627,2MASS J19361564+4618094,294.06519,46.302631,15.791,5746,180,-200,KIC0,4.46,0.054,-0.202,KIC0,0.21,0.2,-0.3,KIC0,0.994,0.295,-0.118,1.039,0.122,-0.122,DSEP,0,0,0,14.488,14.144,14.024,none,0.15930788652166847,2876.0,9654627,19 36 15.64,+46 18 09.5,16.4,15.73,10.76,0.28,5,CSM,Simbad,294.06516666666664,46.302638888888886
20,2128123069303321472,Gaia DR2 2128123069303321472,2015.5,294.12599118565737,0.030084882844833703,46.37079648806146,0.035098247056951234,0.785696763034561,0.036272756292550445,21.660795,-3.415777550613957,0.06570859902210514,-8.545218360461197,0.06525847169489672,-0.07782428,-0.055068508,-0.07405254,-0.076558016,0.37723556,-0.1409725,-0.21726097,-0.15671125,-0.15491487,-0.107724845,258.18723,0.0513069587190162,0.19178320806628335,False,True,7278.517526557305,4.250916790508546,16.033258,3395.576092507205,12.504522645816373,16.524105,5561.83596368786,11.740858411700515,15.398874,1.1252308,0.49084663,0.63438416,0.0,,NOT_AVAILABLE,79.13243375491759,12.126768876301616,314.2179541615415,66.14603502504617,4935.0,4867.815,4987.685,0.327,0.2356,0.5627,0.16,0.097,0.3161,0.98811924,0.9673544,1.0155833,0.5217495,0.4657441,0.57775486,1229.66344853575,1176.75025950585,1287.4582059889,1124.20664918187,1,1,9654808,2MASS J19363023+4622150,294.12601,46.37085,16.042,5303,187,-187,KIC0,4.63,0.036,-0.09,KIC0,-0.38,0.3,-0.3,KIC0,0.708,0.104,-0.056,0.785,0.076,-0.084,DSEP,0,0,0,14.664,14.173,14.062,none,0.1982306403093698,2900.0,9654808,19 36 30.24,+46 22 15.1,16.69,16.0,10.75,0.23,3,CSM,Simbad,294.12600000000003,46.37086111111111
21,2128119671989269504,Gaia DR2 2128119671989269504,2015.5,294.1698984158684,0.03518528421300353,46.30425640042066,0.03802436874599506,0.8908038549894872,0.04227666785543385,21.070816,-3.485035750432591,0.08781508115783554,-8.69784292898941,0.07382372126975346,-0.06343561,-0.038719755,-0.17178579,0.07316115,0.42611298,0.045127276,-0.18440627,-0.038200233,-0.22670007,-0.119780675,175.60825,0.0,0.0,False,False,7526.223004329404,4.952795812937666,15.996923,3570.3114220944703,16.788603921058293,16.469624,5657.212002593398,10.276248065994219,15.380414,1.0892096,0.47270012,0.61650944,0.0,,NOT_AVAILABLE,79.08566902184168,12.06971062594803,314.22047972669736,66.07292229479093,5035.5,4993.783,5172.77,0.2093,0.0329,0.3394,0.108,0.015,0.167,0.8418445,0.7977572,0.85596836,0.41051486,0.3665265,0.4545032,1089.58284923873,1041.2173766067,1142.56577196421,1132.61559439964,1,1,9654919,2MASS J19364078+4618155,294.16992,46.30431,16.044,5470,197,-180,KIC0,4.57,0.036,-0.153,KIC0,-0.04,0.3,-0.3,KIC0,0.819,0.188,-0.075,0.91,0.082,-0.101,DSEP,0,0,0,14.627,14.244,14.23,none,0.2002859199022363,2917.0,9654919,19 36 40.78,+46 18 15.5,16.69,15.98,10.59,0.54,5,CM ,Simbad,294.1699166666666,46.30430555555555
22,2128121561774912128,Gaia DR2 2128121561774912128,2015.5,294.171517510018,0.0131599585014591,46.38593566365199,0.015377894955451095,0.8915112979939257,0.01646786622278579,54.136417,-3.2919361171649153,0.02848726959232003,-8.864133524849843,0.02878036439209508,-0.06112789,-0.15846083,-0.029391771,0.01922331,0.40514758,-0.06244284,-0.1164854,-0.15713374,-0.11707433,-0.012742462,162.45601,0.0,0.0,False,False,66293.38445112908,12.382563279971698,13.63469,39115.439984482546,50.271552499808244,13.870518,40290.67571522333,41.01777011746138,13.248909,0.62160873,0.23582745,0.3857813,0.0,,NOT_AVAILABLE,79.16073536011054,12.105556094598313,314.3041198934388,66.14725531568669,6814.0,6410.0,6911.25,0.331,0.125,0.5348,0.165,0.0816,0.29,1.2894852,1.2534511,1.457151,3.229505,3.0566764,3.4023337,1086.71323492855,1067.46048997999,1106.66016827257,1127.36760292973,1,1,9654924,2MASS J19364116+4623095,294.17154,46.385979,13.719,6890,168,-264,PHO1,4.328,0.07,-0.224,KIC0,-0.12,0.25,-0.35,KIC0,1.288,0.478,-0.159,1.299,0.201,-0.181,DSEP,0,0,0,12.84,12.688,12.625,none,0.16570594832839047,2919.0,9654924,19 36 41.17,+46 23 09.5,13.94,13.65,1.6,0.22,4,CSM,Simbad,294.17154166666666,46.38597222222222
23,2128121561774914304,Gaia DR2 2128121561774914304,2015.5,294.18709922744193,0.034282339402976245,46.37410502948088,0.04174978148917495,0.9205218522320135,0.0446510974755044,20.615885,-3.1843610058343677,0.07368573344930207,-8.776561272378936,0.07701764726129721,0.030432861,0.013651017,-0.06257746,-0.03476979,0.43650115,-0.12968196,-0.13063411,-0.2290997,-0.16693251,0.011379149,161.25006,0.0,0.0,False,False,6776.739979045763,4.652128114678531,16.110813,3224.211340652065,16.062167293741165,16.58033,5153.01281325874,12.004340704678564,15.481767,1.0985632,0.46951675,0.62904644,0.0,,NOT_AVAILABLE,79.15489539457846,12.090626050153128,314.31666296236,66.13209714615441,4969.0366,4889.385,5054.0,0.121,0.0659,0.383,0.072,0.032,0.1871,0.79955465,0.7728978,0.8258176,0.3511396,0.31304306,0.38923615,1055.65470458303,1007.75038300291,1108.24456775606,1129.57347852693,1,1,9654970,2MASS J19364491+4622270,294.18713,46.374168,16.106,5450,164,-164,PHO1,4.573,0.027,-0.153,KIC0,0.07,0.25,-0.3,KIC0,0.83,0.171,-0.057,0.939,0.074,-0.092,DSEP,0,0,0,14.778,14.381,14.288,none,0.23923237202167152,2924.0,9654970,19 36 44.91,+46 22 27.0,16.75,16.05,10.67,0.32,5,CSM,Simbad,294.187125,46.37416666666667
24,2128120256104862464,Gaia DR2 2128120256104862464,2015.5,294.262383853833,0.026192483143760728,46.31294674983854,0.03249937970763792,0.903095724839539,0.03315398881865114,27.23943,-3.2699207525279834,0.06174371408996614,-8.941894106476093,0.06633119109237885,-0.103083916,-0.098180406,0.17268878,-0.08545172,0.3795539,-0.14491989,-0.08013619,-0.14610691,-0.17460726,-0.118336394,146.40019,0.0,0.0,False,False,12892.742208448579,11.842123625013059,15.412502,6579.007200995192,22.069577501844886,15.805987,9152.583996946878,28.842335979061357,14.858061,0.9479265,0.39348507,0.55444145,0.0,,NOT_AVAILABLE,79.12310022621303,12.016636053083262,314.37326570221376,66.05518666378164,5454.0,5356.8667,6114.505,0.059,0.0215,0.2476,0.03,0.0089,0.1221,0.897036,0.71370304,0.9298619,0.641468,0.5856424,0.6972936,1074.29133177571,1037.05151980273,1114.25149798495,1140.63382646196,1,1,9655172,2MASS J19370296+4618467,294.26236,46.312988,15.45,5831,157,-192,PHO1,4.517,0.048,-0.204,KIC0,0.0,0.25,-0.3,KIC0,0.921,0.256,-0.092,1.016,0.104,-0.139,DSEP,0,0,0,14.263,13.88,13.796,none,0.15990825397047437,2993.0,9655172,19 37 02.97,+46 18 46.8,15.99,15.4,10.99,0.24,5,CSM,Simbad,294.26237499999996,46.312999999999995
25,2128120702781491072,Gaia DR2 2128120702781491072,2015.5,294.2970484050971,0.024308212055385813,46.34694708952758,0.035938518504216824,0.8462163023915473,0.03157689968934102,26.798588,-3.317845107128067,0.06312599127860503,-8.742560466641432,0.0635606021437438,-0.2173466,-0.10467001,0.024444193,0.07916262,0.4433366,0.15712374,-0.48031196,0.16744836,-0.21027958,-0.29562625,111.165474,0.0,1.6300968317080002e-15,False,False,18024.853165810993,10.477770586949807,15.048686,9443.107201182154,27.688410681372154,15.413601,12427.704011615246,24.67231922666875,14.525943,0.8876581,0.3649149,0.5227432,0.0,,NOT_AVAILABLE,79.16517119351731,12.010663405942656,314.4610493257266,66.07665069395985,5726.0,5589.047,6342.8667,0.21,0.1516,0.3708,0.1035,0.0749,0.2036,1.0147928,0.8270065,1.0651349,0.9973667,0.9081559,1.0865775,1144.06260428651,1103.85992231439,1187.24508284364,1141.57662777309,1,1,9655276,2MASS J19371128+4620491,294.29703,46.346989,15.067,6103,163,-200,PHO1,4.496,0.05,-0.212,KIC0,-0.2,0.25,-0.35,KIC0,0.949,0.289,-0.096,1.028,0.125,-0.139,DSEP,0,0,0,13.95,13.564,13.548,none,0.1576578397422058,3013.0,9655276,19 37 11.29,+46 20 49.2,15.51,15.01,10.23,0.57,4,CSM,Simbad,294.29704166666664,46.347
26,2128120702781492352,Gaia DR2 2128120702781492352,2015.5,294.3092789460041,0.015730855763093136,46.33814522058341,0.020877849602660568,0.8856344665697905,0.02024074013633683,43.755043,-3.532272773012548,0.035970751408478566,-8.461364346825412,0.038038830677502605,-0.09315939,-0.1405176,0.07974112,0.0072865174,0.38557798,-0.06777288,-0.28367838,-0.16096613,-0.11035218,-0.03849136,102.59933,0.0,0.0,False,False,45946.40320711283,21.724657984575,14.032737,24993.880068892915,30.90619922546704,14.356804,30547.49392312037,36.386936976118946,13.549481,0.8073225,0.32406712,0.4832554,0.0,,NOT_AVAILABLE,79.16105161242383,11.99915143759014,314.471336095812,66.06518973914892,5836.0,5583.68,6173.92,0.7345,0.4895,0.8931,0.366,0.3117,0.4403,1.4852852,1.3271451,1.6225547,2.305555,2.1628919,2.4482183,1093.89210891193,1070.01318021185,1118.84080984333,1143.31937173433,1,1,9655310,2MASS J19371422+4620173,294.30927,46.338161,14.06,6284,169,-206,PHO1,4.42,0.07,-0.21,KIC0,-0.24,0.25,-0.3,KIC0,1.042,0.349,-0.116,1.036,0.158,-0.115,DSEP,0,0,0,13.009,12.745,12.676,none,0.061002424824853026,3025.0,9655310,19 37 14.23,+46 20 17.4,14.44,14.01,9.78,0.39,3,SM ,Simbad,294.30929166666664,46.338166666666666
27,2128120840220460544,Gaia DR2 2128120840220460544,2015.5,294.31018787264776,0.020982347934860222,46.370619500584596,0.029111410972553625,0.9153897285374463,0.027852392768964493,32.86575,-3.505110748532898,0.046619851496717025,-8.754095922913352,0.053643142490134514,-0.103974104,-0.14458518,0.007528791,-0.014743641,0.3670006,-0.113060236,-0.24393839,-0.23149708,-0.09467975,-0.0438915,162.27582,0.0,0.0,False,False,17185.186360779382,10.390103202627115,15.10048,9070.427981192162,30.56898455628539,15.457318,11886.708143608263,22.742788823196427,14.574266,0.8830519,0.35683823,0.52621365,0.0,,NOT_AVAILABLE,79.19094947818068,12.013285425272805,314.5050980413264,66.09464442731674,5617.7437,5316.42,6116.463,0.0995,0.042,0.205,0.046,0.0177,0.1011,0.9555195,0.8060513,1.0669028,0.8192595,0.7576417,0.8808774,1059.87338152682,1029.24437724647,1092.34551254302,1141.20327978192,1,1,9655315,2MASS J19371444+4622143,294.31018,46.370651,15.119,6075,169,-190,PHO1,4.495,0.046,-0.184,KIC0,-0.16,0.3,-0.3,KIC0,0.952,0.263,-0.105,1.033,0.13,-0.143,DSEP,0,0,0,14.029,13.642,13.593,none,0.11507169938128936,3027.0,9655315,19 37 14.44,+46 22 14.3,15.56,15.07,10.85,0.35,5,CSM,Simbad,294.31016666666665,46.37063888888889
28,2128132586950838912,Gaia DR2 2128132586950838912,2015.5,294.3537362093438,0.029804138711093085,46.37113548348856,0.04213694969840906,0.9913791867464714,0.03960372240505903,25.032475,-3.583135339831646,0.06613406551269695,-8.84185812239486,0.0791504326030383,-0.03778445,-0.06930304,0.050735682,-0.095154956,0.31570742,-0.19194488,-0.21488164,-0.30049533,-0.01644336,0.0034620622,168.3585,0.0,0.0,False,False,7579.61649119247,6.280146321418702,15.989247,3627.7736425413023,19.684375239087625,16.452288,5728.971153964599,18.565944773059854,15.366729,1.0855589,0.46304035,0.62251854,0.0,,NOT_AVAILABLE,79.20532462478891,11.986725588172593,314.5734154651813,66.08296636453234,5044.1,4969.0,5160.65,0.1192,0.024,0.2708,0.0667,0.0195,0.1218,0.75586694,0.7221109,0.7788875,0.33321163,0.3027946,0.36362866,981.720810443694,944.683229727306,1021.72234159763,1145.24818557933,1,1,9655435,2MASS J19372490+4622161,294.35376,46.371159,16.042,5450,195,-179,KIC0,4.573,0.027,-0.153,KIC0,0.07,0.25,-0.3,KIC0,0.83,0.187,-0.062,0.939,0.074,-0.101,DSEP,0,0,0,14.699,14.209,14.204,none,0.10324435281163033,3088.0,9655435,19 37 24.91,+46 22 16.2,16.71,15.98,11.99,0.31,5,CM ,Simbad,294.35379166666667,46.37116666666667
29,2128108814312039040,Gaia DR2 2128108814312039040,2015.5,294.36556339354007,0.034509958892113196,46.32660471055282,0.04469038369028173,0.8145845781146798,0.04344779312121011,18.748583,-3.3029221608719253,0.08078028203090606,-8.89198368462926,0.08530554648003259,-0.09037539,-0.10923217,0.14817427,-0.010694385,0.33689246,-0.08418727,-0.22045794,-0.1749588,-0.107400045,-0.035075404,123.37239,0.0,0.0,False,False,7051.61855871834,5.869417356782809,16.067644,3318.606242002766,16.773960088177894,16.549,5351.937423071069,13.003366449853829,15.440642,1.1083574,0.48135567,0.62700176,0.0,,NOT_AVAILABLE,79.16852231020583,11.95927532847164,314.54744228801894,66.03893718541507,4986.436,4928.0,5072.475,0.3313,0.2196,0.4143,0.1713,0.134,0.2021,0.91349006,0.8827637,0.9352827,0.46479702,0.40908933,0.5205047,1188.47089547474,1128.73885721173,1254.74194847911,1149.41334873142,1,1,9655469,2MASS J19372774+4619359,294.36557,46.326649,16.094,5574,169,-152,PHO1,4.586,0.038,-0.152,KIC0,-0.28,0.3,-0.3,KIC0,0.783,0.182,-0.073,0.868,0.088,-0.097,DSEP,0,0,0,14.686,14.323,14.151,none,0.16028563227187237,3101.0,9655469,19 37 27.74,+46 19 35.9,16.69,16.04,10.9,1.16,4,CSM,Simbad,294.36558333333335,46.326638888888894
30,2128108024038073216,Gaia DR2 2128108024038073216,2015.5,294.40945984523256,0.02777734473432419,46.32051153259859,0.03714588848069768,0.8605312438351219,0.03504443377296881,24.555433,-3.345966999445606,0.06351969391409513,-8.58160201678717,0.07026998990279765,-0.06579846,-0.041739497,0.20146544,-0.097174115,0.2778227,-0.18445225,-0.08180967,-0.23987602,-0.077565975,0.012258522,156.39389,0.0,0.0,False,False,10299.767954137398,9.406528546939722,15.656297,5154.6241332267955,30.78864975397392,16.070896,7530.763937635343,30.187343711596018,15.069822,1.0010738,0.41459942,0.5864744,0.0,,NOT_AVAILABLE,79.177018158119,11.929492919262612,314.6096269134356,66.02110853228103,5186.0,5016.9126,5564.56,0.168,0.047,0.336,0.097,0.0314,0.183,0.9478364,0.8232595,1.0128038,0.58545226,0.5296133,0.6412912,1125.98051913145,1082.89794662971,1172.56292658838,1154.00456583961,1,1,9655609,2MASS J19373826+4619139,294.40945,46.320541,15.678,5845,157,-174,PHO1,4.558,0.036,-0.192,KIC0,-0.28,0.3,-0.3,KIC0,0.838,0.238,-0.079,0.926,0.099,-0.11,DSEP,0,0,0,14.35,13.972,13.911,none,0.10887002810960433,3135.0,9655609,19 37 38.27,+46 19 13.9,16.2,15.63,10.75,0.19,4,CSM,Simbad,294.4094583333333,46.320527777777784
31,2128131418719632000,Gaia DR2 2128131418719632000,2015.5,294.43276151301575,0.03574653111484694,46.32022073730397,0.04647402793044581,0.8385224357709907,0.043055108479097486,19.475561,-3.434868638738962,0.08258440844841457,-8.805958847747675,0.10126337150031547,-0.19634224,-0.036877546,0.27701467,-0.21177676,0.16215396,-0.25631136,0.15293679,-0.20433198,-0.15700975,-0.106670894,174.232,0.0,0.0,False,False,6548.2170537739485,4.380619382186802,16.148058,3060.4319022972218,15.630326611865208,16.63693,5002.580333911447,12.447860356613944,15.513935,1.1229954,0.48887253,0.63412285,0.0,,NOT_AVAILABLE,79.18421558155572,11.915019903195637,314.64554471206174,66.01433126334358,4976.0,4951.0,4995.0,,,,,,,0.8597333,0.85320526,0.86843765,0.40826645,0.36108702,0.4554459,1155.56298920169,1099.49790267196,1217.53156037293,1156.24918101578,1,1,9655677,2MASS J19374386+4619128,294.43277,46.32024,16.201,5387,159,-159,PHO1,4.594,0.037,-0.112,KIC0,-0.18,0.3,-0.3,KIC0,0.77,0.133,-0.071,0.857,0.078,-0.096,DSEP,0,0,0,14.743,14.277,14.334,none,0.07248497685904993,3151.0,9655677,19 37 43.86,+46 19 12.9,16.86,16.15,10.04,0.3,3,CSM,Simbad,294.43274999999994,46.32025
32,2128131216861484928,Gaia DR2 2128131216861484928,2015.5,294.44735131686616,0.015414469639347483,46.31279140371968,0.018668517525085946,0.915848684584468,0.019378016605962774,47.262253,-3.3886978012598283,0.03608261834444085,-8.77979767018546,0.03749808448009033,-0.089648515,-0.1868585,0.24909319,0.0008951075,0.28529197,-0.1318441,-0.04404605,-0.2984203,-0.16747326,0.08701426,136.31317,0.0,0.0,False,False,52157.32654718053,11.534554432954074,13.895078,30138.726097696355,47.239788733907574,14.153576,32525.41162987754,25.333640289410283,13.481363,0.6722126,0.2584982,0.4137144,0.0,,NOT_AVAILABLE,79.18212461330343,11.902668752714932,314.660811162813,66.00345896740059,6427.0,6238.825,6734.25,0.101,0.0,0.2021,0.051,0.0,0.102,1.2512361,1.1396655,1.3278538,2.406614,2.2668414,2.5463867,1058.8543179638,1037.40020468153,1081.19772105956,1158.16503777095,1,1,9655730,2MASS J19374736+4618461,294.44736,46.31282,13.979,6623,140,-241,PHO1,4.355,0.065,-0.195,KIC0,0.07,0.25,-0.35,KIC0,1.261,0.391,-0.14,1.317,0.168,-0.206,DSEP,0,0,0,13.021,12.831,12.761,none,0.10518647472803506,3168.0,9655730,19 37 47.37,+46 18 46.1,14.28,13.92,2.03,0.06,5,CSM,Simbad,294.44737499999997,46.312805555555556
33,2128131869696568960,Gaia DR2 2128131869696568960,2015.5,294.51005039357506,0.017614311328222505,46.37417793402027,0.022773432671430005,0.8776616354664998,0.02186938674410685,40.131973,-3.426236289219076,0.039361199084320744,-8.841872344601388,0.04440462993027625,-0.014060862,0.03297458,-0.11315005,0.004840029,0.13781635,-0.047714863,-0.29071423,-0.27644572,-0.03015017,0.07605187,160.4087,0.0,0.0,False,False,20698.719227111098,10.129073377679134,14.898507,11141.92132239914,26.71697374309551,15.233988,13999.800699860998,24.872104928603335,14.396615,0.8373728,0.3354807,0.5018921,0.0,,NOT_AVAILABLE,79.25810557693019,11.89199143196407,314.819436121334,66.04201440631093,5763.0,5335.12,5835.91,0.1503,0.026,0.26,0.0718,0.013,0.1273,1.0338256,1.0081551,1.2063023,1.062145,0.99216557,1.1321244,1103.62095013068,1077.4101356554,1131.11433589683,1159.87531884249,1,1,9655917,2MASS J19380241+4622271,294.51007,46.37421,14.919,6279,169,-207,PHO1,4.489,0.048,-0.192,KIC0,-0.38,0.3,-0.3,KIC0,0.952,0.276,-0.092,1.018,0.123,-0.135,DSEP,0,0,0,13.855,13.571,13.48,none,0.12528914062740293,3227.0,9655917,19 38 02.42,+46 22 27.2,15.31,14.88,8.8,0.17,4,CSM,Simbad,294.5100833333333,46.37422222222222
34,2128130186069010944,Gaia DR2 2128130186069010944,2015.5,294.60972249298,0.017379605726743207,46.35174506890502,0.020060781340923924,0.8553117556563516,0.020135612601378618,42.477562,-3.3797116758454937,0.03874316602710688,-8.917945360426431,0.03689051317490761,0.015119957,-0.0027049645,-0.07992033,-0.13178104,0.23698366,-0.1820794,-0.24470021,-0.12954992,-0.13817447,0.040336367,236.9085,0.0,0.0,False,False,20817.164934260196,7.859934398671001,14.892312,11180.914520906821,15.091587622521125,15.230195,13996.817034750262,15.673268649679757,14.396847,0.8333483,0.337883,0.49546528,0.0,,NOT_AVAILABLE,79.26967182754949,11.820534240534634,314.9515787856546,65.99354253701384,5789.0,5762.0,5826.0,,,,,,,1.0534936,1.040155,1.0633899,1.1229819,1.0512884,1.1946754,1131.429717759,1106.03236413185,1157.99853941439,1171.09460634939,1,1,9656165,2MASS J19382633+4621064,294.60974,46.351791,14.942,6240,169,-206,PHO1,4.454,0.054,-0.202,KIC0,-0.16,0.25,-0.35,KIC0,1.023,0.335,-0.112,1.081,0.144,-0.144,DSEP,0,0,0,13.846,13.513,13.551,none,0.17097858624395135,3287.0,9656165,19 38 26.34,+46 21 06.4,15.36,14.9,9.27,0.6,4,CSM,Simbad,294.60974999999996,46.35177777777778
35,2080090667627204736,Gaia DR2 2080090667627204736,2015.5,294.6982029413111,0.02531457590851536,46.301868153314125,0.027680047774765314,0.8577396156073175,0.028913549685726722,29.665663,-3.4659913329075804,0.053969052437407385,-8.819424757849172,0.05263816610523721,-0.06456975,-0.07719598,-0.058471017,-0.124922544,0.13782418,-0.17535986,-0.18552668,-0.20705585,-0.08901877,0.02100091,204.09555,0.0,1.3368447588157967e-15,False,False,10190.501656544957,7.216002902807608,15.667877,5054.604820406968,21.579482595519455,16.09217,7425.467850469681,16.985153555142638,15.085111,1.00706,0.42429352,0.58276653,0.0,,NOT_AVAILABLE,79.25279366992991,11.743411756626816,315.0386880942554,65.92310499601305,5325.5,5274.4297,5387.5,0.1532,0.0397,0.3523,0.087,0.0239,0.1871,0.88761806,0.86730593,0.9048902,0.5709374,0.5238122,0.6180626,1128.98367900304,1093.01443599345,1167.35378934982,1183.3944589427,1,1,9656371,2MASS J19384757+4618070,294.69824,46.301941,15.655,5704,154,-171,PHO1,4.575,0.038,-0.152,KIC0,-0.3,0.3,-0.3,KIC0,0.804,0.184,-0.074,0.897,0.089,-0.109,DSEP,0,0,0,14.444,13.997,13.937,none,0.2779731019404079,3317.0,9656371,19 38 47.58,+46 18 07.0,16.19,15.6,10.75,0.42,5,CSM,Simbad,294.69825,46.301944444444445
36,2080097058538601088,Gaia DR2 2080097058538601088,2015.5,294.7439944581482,0.01496431489620292,46.364990986531026,0.01483552048450337,0.882940554243599,0.016185152732233192,54.5525,-3.3074862641535843,0.03520247711450001,-8.868270354469232,0.031656704382596296,0.0111387465,0.08664514,0.050469875,-0.0705445,0.16659413,-0.074984945,-0.17946588,0.07342329,-0.027609248,0.05888991,219.08699,0.0,0.0,False,True,35317.89183660736,9.158970042469386,14.318378,19947.654239024087,35.73175790308739,14.601659,22595.564514708105,22.685786819873925,13.876862,0.72479725,0.28328037,0.44151688,0.0,,NOT_AVAILABLE,79.32489792972594,11.744114953802557,315.17270446688786,65.96782812921246,6289.0,6064.31,6724.1104,0.2063,0.1354,0.2891,0.1112,0.056,0.1481,1.1163152,0.9765183,1.2005693,1.7562841,1.6624534,1.8501148,1096.933574368,1077.65089030101,1116.90593559013,1183.29903278145,1,1,9656480,2MASS J19385856+4621541,294.74402,46.365051,14.365,6571,166,-216,PHO1,4.368,0.065,-0.195,KIC0,-0.1,0.25,-0.3,KIC0,1.192,0.366,-0.157,1.213,0.17,-0.17,DSEP,0,0,0,13.396,13.153,13.12,none,0.22517339311766377,3336.0,9656480,19 38 58.57,+46 21 54.2,14.68,14.31,4.82,0.09,6,CSM,Simbad,294.7440416666666,46.36505555555556
37,2128125135187725696,Gaia DR2 2128125135187725696,2015.5,294.16386963040685,0.012934438590710529,46.450467463404806,0.014201250943291365,0.8685310098055821,0.014820157964675378,58.604706,-3.293251058586624,0.027773372659628044,-8.946936647288105,0.027962298874761017,-0.12225473,0.056054693,0.079345055,-0.23368672,0.33626044,-0.25133803,-0.085182965,-0.120733425,-0.19079769,-0.21581994,212.35542,0.0,0.0,False,False,87165.44565597686,18.872562369405035,13.337504,52293.517771967316,77.47438481856533,13.555268,51856.57026475611,40.90920344681183,12.974911,0.58035755,0.2177639,0.36259365,0.0,,NOT_AVAILABLE,79.21722006228917,12.139354525274255,314.35659508024804,66.20843486579854,7002.25,6832.0,7159.3335,0.6825,0.3959,0.946,0.3253,0.191,0.4411,1.4391259,1.3766668,1.5117441,4.4858294,4.2598825,4.7117763,1114.47373981126,1096.22650610896,1133.32735802177,1122.4579848779,1,1,9715923,2MASS J19363933+4627018,294.16388,46.450508,13.423,7105,196,-270,PHO1,3.598,0.289,-0.051,FLK73,-0.04,0.25,-0.25,KIC0,3.638,0.306,-1.225,1.912,0.168,-0.311,DSEP,0,0,10,12.575,12.446,12.367,none,0.1481809493311739,3795.0,9715923,19 36 39.33,+46 27 01.8,13.62,13.36,0.92,0.01,5,CSM,Simbad,294.163875,46.450500000000005
38,2128122283329454208,Gaia DR2 2128122283329454208,2015.5,294.18880540816997,0.02018830004424919,46.454330302562695,0.025019718220442046,0.882094405516947,0.024320061550855726,36.270237,-3.2451489606378674,0.04261512871614286,-8.822270021969228,0.04832208309035913,-0.11018532,0.10302665,-0.054401375,-0.2412508,0.303396,-0.2756342,0.025531998,-0.14281325,-0.18650047,-0.17796986,168.88184,0.0,0.0,False,False,16556.078674794222,9.505216168860594,15.140972,8673.136496897054,22.731950572755196,15.505948,11408.383726835602,26.564375075287803,14.618859,0.8870888,0.36497593,0.52211285,0.0,,NOT_AVAILABLE,79.22866854217934,12.125760966291889,314.39941852834727,66.20503161866452,5694.0176,5559.0,6207.6665,0.153,0.0555,0.2418,0.075,0.0292,0.1431,0.94457644,0.79472697,0.99101764,0.8449756,0.7852485,0.90470266,1098.38246846529,1069.58261482591,1128.74603865168,1124.46600054639,1,1,9715987,2MASS J19364532+4627157,294.18887,46.454361,15.166,6166,173,-239,PHO1,4.407,0.067,-0.216,KIC0,0.16,0.2,-0.3,KIC0,1.127,0.365,-0.122,1.184,0.142,-0.173,DSEP,0,0,0,14.02,13.786,13.748,none,0.19461752363519635,3820.0,9715987,19 36 45.33,+46 27 15.7,15.65,15.12,10.27,0.58,6,CSM,Simbad,294.188875,46.45436111111111
39,2128145785390512896,Gaia DR2 2128145785390512896,2015.5,294.20099754428065,0.017362239727422894,46.47672885323786,0.021960184163892026,0.8803311075148498,0.02141189784803272,41.11411,-3.4137738539045692,0.03750961415413804,-8.96675530520859,0.039519670978291066,-0.043583486,0.012311237,-0.105814554,-0.12968965,0.37909588,-0.19458692,-0.18829975,-0.17166132,-0.12343627,-0.07798381,188.96974,0.0,0.0,False,False,18777.448203908523,9.211916875153419,15.004274,10014.631794692668,27.75901741198714,15.349801,12907.153511776172,26.72228836376819,14.484844,0.86495686,0.3455267,0.51943016,0.0,,NOT_AVAILABLE,79.25299008748698,12.128366319693566,314.44091018254,66.22212449256222,5496.0,5355.4053,5766.6025,0.129,0.025,0.2636,0.069,0.0107,0.147,1.0912218,0.9912117,1.1492692,0.9788308,0.9154786,1.042183,1100.33278012728,1074.8091601953,1127.07483531104,1124.11164656043,1,1,9716008,2MASS J19364824+4628364,294.20099,46.47678,14.975,6153,182,-200,PHO1,4.471,0.052,-0.208,KIC0,-0.14,0.25,-0.35,KIC0,0.993,0.302,-0.101,1.065,0.139,-0.153,DSEP,0,0,0,13.911,13.563,13.497,none,0.1850758229168662,3828.0,9716008,19 36 48.24,+46 28 36.4,15.42,14.94,10.04,0.36,5,CSM,Simbad,294.201,46.47677777777778
40,2128122008451548672,Gaia DR2 2128122008451548672,2015.5,294.22780098161945,0.011857303114299332,46.417631446360765,0.016963591810278452,0.8523283705059277,0.01594159063121742,53.465706,-3.490902369853536,0.02585082519476734,-8.917799247929374,0.032814810787945,0.025355041,0.035678048,-0.043574233,-0.11630328,0.39257747,-0.1828959,-0.07679832,-0.1980469,-0.13678564,-0.05402665,148.51706,0.0,1.4503892858778864e-15,True,False,86148.52982883046,16.54966846357747,13.350246,51995.20211727551,61.15785564641732,13.56148,51069.96125492243,36.03068395054031,12.991507,0.569973,0.21123314,0.35873985,0.0,,NOT_AVAILABLE,79.2075735109627,12.08521952878652,314.4235905625535,66.16060462372216,7040.0,6951.0,7338.0,0.436,0.2356,0.863,0.2333,0.106,0.4761,1.4428381,1.3280288,1.4800225,4.6070247,4.354564,4.859485,1135.02083792235,1114.69372326823,1156.08912271031,1130.43335616314,1,1,9716076,2MASS J19365467+4625036,294.22781,46.417664,13.567,6851,189,-307,PHO54,4.228,0.09,-0.21,PHO54,0.07,0.2,-0.35,PHO54,1.511,0.533,-0.266,1.409,0.218,-0.218,DSEP,0,0,0,12.606,12.429,12.391,none,0.11931127231605733,3853.0,9716076,19 36 54.68,+46 25 03.6,13.78,13.5,2.5,0.01,4,CSM,Simbad,294.2278333333333,46.41766666666666
41,2128122038511307520,Gaia DR2 2128122038511307520,2015.5,294.23838610843325,0.05447555962530385,46.43283187007771,0.07078429883593358,0.6888169317573384,0.06717348524288903,10.254298,-3.2872513967982244,0.11616635591207893,-9.096263092775313,0.12946325319648105,0.20621409,-0.1093552,-0.06804846,-0.13220122,0.3042445,-0.2138796,-0.21418087,-0.25796345,-0.102046646,0.21702223,1761.099,0.497011500130131,35.75024574732786,False,True,22168.47085044983,32.2991637563129,14.824026,12198.050696130813,28.090072521923368,15.135662,15536.016487659814,18.04798160908393,14.283571,0.85209084,0.31163597,0.54045486,0.0,,NOT_AVAILABLE,79.22481279749465,12.085571631769389,314.4553061399791,66.17156105678883,5793.3335,5500.26,6039.5073,0.5837,0.3459,0.8476,0.288,0.148,0.4473,1.347732,1.2401024,1.4951824,1.8433841,1.4623184,2.2244499,1402.50132995739,1277.31013939293,1554.16728312566,1130.39971472537,1,1,9716112,2MASS J19365721+4625582,294.2384,46.432861,14.834,6122,165,-220,PHO1,4.471,0.05,-0.212,KIC0,-0.1,0.3,-0.3,KIC0,0.996,0.312,-0.104,1.07,0.148,-0.148,DSEP,0,0,0,13.717,13.359,13.325,none,0.1103866072050349,3865.0,9716112,19 36 57.22,+46 25 58.3,15.27,14.76,9.56,0.14,3,SM ,Simbad,294.23841666666664,46.43286111111111
42,2128121218177579392,Gaia DR2 2128121218177579392,2015.5,294.259790535017,0.030371482006447605,46.41549341012253,0.04493308208513673,0.7841797854790534,0.04079845246717948,19.220821,-3.1958758131714364,0.06635434358063311,-8.699002682121982,0.08414742251554838,0.0849163,0.06483231,-0.035546765,-0.090233706,0.37246147,-0.16032538,-0.22188303,-0.2363683,-0.07977514,0.033314094,205.98036,0.09886522503174948,0.6798949739513453,True,False,7742.603706227931,5.873652823311278,15.966148,3736.8344482866796,17.432865614586557,16.420128,5788.960586778343,15.715480513538663,15.355418,1.0647097,0.4539795,0.6107302,0.0,,NOT_AVAILABLE,79.21580775455496,12.064577071017691,314.47135636102115,66.14973832640568,5077.0,5003.69,5684.6763,,,,,,,0.95021814,0.75792485,0.97826576,0.540468,0.47657114,0.6043648,1232.5783656252,1172.17717952718,1299.40843447084,1133.5168590226,1,1,9716177,2MASS J19370235+4624559,294.25983,46.415539,16.023,5460,189,-189,KIC0,4.59,0.032,-0.12,KIC0,-0.18,0.3,-0.3,KIC0,0.783,0.147,-0.063,0.878,0.08,-0.107,DSEP,0,0,0,14.635,14.206,14.179,none,0.19112971660522424,3891.0,9716177,19 37 02.36,+46 24 55.9,16.62,15.96,11.92,0.4,2,CSM,Simbad,294.25983333333335,46.415527777777775
43,2128145304354240128,Gaia DR2 2128145304354240128,2015.5,294.33817251456986,0.03087018693486131,46.48037950314262,0.0503136234717091,0.9817680920895555,0.04351801057270495,22.560041,-3.446197000265684,0.06695147493468968,-8.725645447443615,0.0949401246115187,0.10246722,0.12536506,-0.016142365,-0.027577328,0.41482136,-0.10640086,0.072970204,-0.17345199,0.0842642,0.091329545,184.24622,0.0,0.0,True,False,7478.524178649887,6.00109377678806,16.003826,3584.409414523003,21.24833850227055,16.465343,5644.819132407556,20.184042801355677,15.382795,1.0825481,0.46151733,0.6210308,0.0,,NOT_AVAILABLE,79.29995545967233,12.04573815769987,314.6586165393917,66.18718303220804,5064.14,4989.0,5200.0,0.1255,0.024,0.2801,0.072,0.0219,0.1442,0.75066197,0.7119494,0.7734439,0.33389226,0.30064392,0.3671406,991.423244005164,950.083849633758,1036.44961231401,1136.42228196069,1,1,9716378,2MASS J19372117+4628495,294.3382,46.480431,15.987,5608,169,-203,KIC0,4.573,0.038,-0.152,KIC0,-0.18,0.3,-0.3,KIC0,0.813,0.194,-0.078,0.909,0.083,-0.115,DSEP,0,0,0,14.638,14.213,14.404,none,0.19751308024999506,3941.0,9716378,19 37 21.17,+46 28 49.5,16.6,15.95,10.73,0.35,3,CSM,Simbad,294.33820833333334,46.48041666666667
44,2128145098195807872,Gaia DR2 2128145098195807872,2015.5,294.34478562142476,0.014144850566183167,46.46935909067751,0.02065519438477396,0.9144427342984855,0.01861028440198588,49.136417,-3.5716667703043017,0.031040244206811562,-8.700779613352124,0.03849937098973628,-0.042096667,-0.025309758,-0.060161747,-0.053370647,0.28356314,-0.11637772,-0.18907045,-0.1979016,-0.10707818,-0.0122992555,138.60681,0.0,0.0,False,False,39199.25441539072,8.40966286471519,14.205172,21925.340862554607,36.83719972743924,14.4990225,25232.55873132878,24.14170158940532,13.757017,0.74200535,0.2938509,0.44815445,0.0,,NOT_AVAILABLE,79.29201322378228,12.036690675108145,314.65784391915054,66.175262735521,6206.3335,5951.0,6511.3,0.289,0.1626,0.3601,0.143,0.085,0.168,1.1669002,1.0601529,1.2691823,1.8201305,1.7171178,1.9231431,1060.38860265779,1039.7091668978,1081.8917904362,1137.77180086713,1,1,9716401,2MASS J19372275+4628099,294.34482,46.469395,14.634,6356,179,-247,PHO54,3.87,0.413,-0.138,PHO54,0.02,0.25,-0.3,PHO54,2.246,0.54,-0.925,1.364,0.222,-0.271,DSEP,0,0,0,13.302,13.04,12.986,none,0.154847124309338,3947.0,9716401,19 37 22.76,+46 28 09.8,15.01,14.58,5.73,0.49,3,SM ,Simbad,294.3448333333333,46.46938888888889
45,2128132694330246144,Gaia DR2 2128132694330246144,2015.5,294.3854736363583,0.019360813209121138,46.40080733935197,0.029559962409177912,0.8643707171281807,0.02524650241763222,34.237247,-3.5427823694662672,0.04213514479197243,-8.685808339700547,0.05546970977702791,-0.07892846,0.048358932,-0.02883318,-0.15607335,0.21434939,-0.19847219,-0.051725008,-0.1567901,-0.116965435,-0.07864462,151.6538,0.0,0.0,False,False,16811.834424240347,10.917016846460998,15.124328,8930.840983638878,29.62317075821288,15.474157,11775.076314664468,30.703033573322255,14.584511,0.88964653,0.34982967,0.53981686,0.0,,NOT_AVAILABLE,79.24250480491008,11.980648971948835,314.65245845855276,66.10122960088121,5445.85,5070.0,5805.0,0.145,0.017,0.32,0.075,0.0077,0.1633,1.0739226,0.94514817,1.2390488,0.91391,0.8461815,0.98163843,1120.27180332204,1089.21835257384,1153.11324491974,1146.20621470288,1,1,9716502,2MASS J19373252+4624030,294.3855,46.40086,15.033,6573,160,-297,PHO1,4.308,0.067,-0.216,KIC0,0.36,0.1,-0.3,KIC0,1.382,0.472,-0.189,1.414,0.178,-0.178,DSEP,0,0,0,14.01,13.673,13.583,none,0.20055839548251417,3965.0,9716502,19 37 32.52,+46 24 03.1,15.44,14.99,9.72,0.22,6,SM ,Simbad,294.3855,46.40086111111111
46,2128134824634071424,Gaia DR2 2128134824634071424,2015.5,294.4106996407721,0.01111643780227722,46.48681783844518,0.015110187603298993,0.8756754535764149,0.014024329537414917,62.43974,-3.4234291361826266,0.02409088041709155,-8.954420288075788,0.02787706660504679,0.011643144,-0.020130178,-0.092947885,-0.0047467714,0.23702385,-0.059302613,-0.32655975,-0.20940733,-0.065743946,0.049066518,218.6569,0.0,0.0,True,False,89175.86992705699,23.236957248832105,13.312747,53772.58549449934,99.16104849404056,13.524986,52760.954978649956,42.091968267846894,12.956139,0.56884766,0.21223927,0.3566084,0.0,,NOT_AVAILABLE,79.32894200483193,12.004125072748332,314.77807415811844,66.17276625172006,7127.0,6846.0,7445.3335,0.7145,0.4014,0.946,0.323,0.165,0.4691,1.3955282,1.2787446,1.5124407,4.52688,4.304529,4.7492304,1105.64316739921,1088.63150256828,1123.18503391036,1142.71890525628,1,1,9716563,2MASS J19373857+4629125,294.41071,46.486855,13.634,6982,216,-288,PHO54,4.107,0.234,-0.156,PHO54,-0.5,0.25,-0.3,PHO54,1.599,0.443,-0.443,1.193,0.189,-0.154,DSEP,0,0,1,12.568,12.4,12.37,none,0.1362234671626657,3990.0,9716563,19 37 38.57,+46 29 12.7,13.92,13.57,1.29,0.21,4,SM ,Simbad,294.41070833333333,46.48686111111111
47,2128134549756166272,Gaia DR2 2128134549756166272,2015.5,294.4415491914007,0.02048548432941812,46.458449127913326,0.02688218868395562,0.8612970489089616,0.02504060689890897,34.396015,-3.538170945815947,0.045805527647464074,-8.928981418416296,0.05051561411218712,0.036250982,0.055661954,0.03600181,-0.0058785593,0.18051885,-0.05059679,-0.30721748,-0.17812936,-0.043346606,0.078729466,147.9981,0.0,0.0,False,False,15820.809773790283,7.303285953501559,15.190294,8307.938436108576,26.750586208645316,15.552655,10909.185876638967,20.47490270735906,14.667439,0.88521576,0.36236095,0.5228548,0.0,,NOT_AVAILABLE,79.3129373801505,11.972327521286608,314.79752917090804,66.13820723028086,6141.3574,5727.0,6688.0664,0.1303,0.0295,0.2381,0.0617,0.0209,0.1306,0.80443424,0.6782943,0.9250494,0.82934135,0.7680269,0.8906558,1124.12876430845,1093.11217002667,1156.92251654095,1147.53656316812,1,1,9716650,2MASS J19374597+4627303,294.44156,46.45842,15.198,6274,174,-218,PHO1,4.434,0.054,-0.216,KIC0,-0.1,0.25,-0.3,KIC0,1.062,0.343,-0.114,1.115,0.158,-0.144,DSEP,0,0,0,14.076,13.744,13.723,none,0.10823229737996172,4002.0,9716650,19 37 45.97,+46 27 30.3,15.63,15.16,11.08,0.57,4,SM ,Simbad,294.44154166666664,46.45841666666667
48,2128133450244545024,Gaia DR2 2128133450244545024,2015.5,294.49960743398634,0.02956458667053848,46.412391360019235,0.04076278340952592,0.967647684077406,0.03742004982516413,25.85907,-3.3755289899474774,0.06496463330645576,-8.864930659896684,0.07668711533435912,0.037125982,0.005112012,-0.03594603,-0.048430122,0.16368377,-0.09505838,-0.22784342,-0.21186778,-0.0709654,0.10115271,747.73334,0.3256865209268912,24.888754222850874,False,False,56886.46125172771,11.505991146011722,13.800843,32893.023579508765,39.34791564512902,14.058629,35591.21138464679,35.20121206293365,13.383563,0.675066,0.2577858,0.4172802,0.0,,NOT_AVAILABLE,79.28955085702746,11.91576974787679,314.84151170521494,66.07985494061413,6434.5405,6311.0,6623.5,0.132,0.047,0.3161,0.072,0.0209,0.1458,1.2338458,1.1644502,1.2826247,2.3511844,2.1411164,2.5612524,1004.96816618922,968.252180516556,1044.52230049985,1156.20730767329,1,1,9716817,2MASS J19375990+4624446,294.4996,46.41243,14.2,6547,159,-250,PHO54,4.155,0.19,-0.171,PHO54,-0.14,0.25,-0.3,PHO54,1.56,0.463,-0.378,1.273,0.181,-0.221,DSEP,0,0,0,12.907,12.679,12.628,none,0.14032236685349925,4038.0,9716817,19 37 59.91,+46 24 44.7,14.55,14.14,1.36,0.01,4,SM ,Simbad,294.4996249999999,46.412416666666665
49,2128133518964049920,Gaia DR2 2128133518964049920,2015.5,294.55192414613595,0.021772769050586283,46.42458762016662,0.029456649172853736,0.9054649748171614,0.028057454866918186,32.271816,-3.429973967390061,0.047928406989148534,-8.796865504114004,0.05660828556326851,0.031978168,0.030636145,-0.029269103,0.023212522,0.085063666,-0.008816202,-0.21457173,-0.2948532,-0.12313054,0.13384807,132.65457,0.0,0.0,False,False,14834.169936140213,8.339271574228814,15.260207,7705.747428190954,15.144969747524813,15.634351,10310.979128495686,15.01533677291369,14.72867,0.90568066,0.3741436,0.53153706,0.0,,NOT_AVAILABLE,79.31740526761247,11.8891864962984,314.9349961955171,66.0763077949765,5474.0,5420.0,5521.793,0.07,0.0067,0.1361,0.0335,0.0109,0.0671,0.951662,0.9352594,0.97071946,0.73262095,0.6766108,0.7886311,1071.17196713079,1039.67209258113,1104.60274343799,1160.35127032397,1,1,9716955,2MASS J19381246+4625287,294.55191,46.424603,15.65,5850,175,-193,PHO54,3.993,0.405,-0.135,PHO54,0.02,0.25,-0.3,PHO54,1.758,0.396,-0.736,1.108,0.144,-0.191,DSEP,0,0,0,14.15,13.83,13.719,none,0.06555780060631741,4065.0,9716955,19 38 12.46,+46 25 28.6,16.13,15.6,10.64,0.58,4,CSM,Simbad,294.5519166666666,46.42461111111111
50,2128135649267419904,Gaia DR2 2128135649267419904,2015.5,294.706647724562,0.03488194053722417,46.40359628761102,0.03672746276028175,0.8987588417579897,0.03870383187767322,23.221443,-3.43343628138425,0.07508569007650195,-8.81348723229263,0.07436056249592142,0.030491041,-0.025332723,-0.14154941,-0.072106816,0.09646178,-0.0975581,-0.26322004,-0.18682735,-0.07013435,0.08647071,268.84613,0.0,1.2463744089175028e-15,False,False,5075.424065920339,3.194751866924604,16.424685,2296.66809923563,10.91355517680523,16.948643,3992.3753539687914,11.076170039395224,15.7588415,1.1898012,0.5239582,0.665843,0.0,,NOT_AVAILABLE,79.34796417137575,11.78466293752807,315.15372057904545,66.0135928420502,4944.0,4853.0,5102.75,0.01,0.004,0.288,0.006,0.0024,0.1481,0.7179529,0.6739758,0.7451305,0.27746007,0.25003695,0.30488318,1079.90435267794,1036.23053419627,1127.34579442799,1176.82143324746,1,1,9717373,2MASS J19384960+4624130,294.70667,46.403629,16.409,5309,185,-185,KIC0,4.588,0.035,-0.112,KIC0,-0.08,0.3,-0.3,KIC0,0.781,0.133,-0.061,0.869,0.07,-0.104,DSEP,0,0,0,14.974,14.437,14.546,none,0.1301013902984304,4142.0,9717373,19 38 49.60,+46 24 13.1,17.14,16.37,11.03,0.71,3,CSM,Simbad,294.70666666666665,46.403638888888885
51,2128136370822408576,Gaia DR2 2128136370822408576,2015.5,294.71026857058126,0.02767916218978385,46.45322475210074,0.03243701616100561,0.7556200090994217,0.033037138451583355,22.871836,-0.16676241721731688,0.059613516370151595,-0.035610204361370836,0.06413848126903234,-0.057848763,-0.056872215,-0.04847083,-0.103962354,0.2270894,-0.16218226,-0.19513622,-0.20740534,-0.16128018,-0.017639989,197.9826,0.0,1.2972676148241317e-15,False,False,7677.771328545187,4.948029898292133,15.975278,3753.6930020859872,11.690747546247225,16.415241,5621.73451604699,12.305602572462298,15.387244,1.027997,0.43996334,0.5880337,0.0,,NOT_AVAILABLE,79.39424012865173,11.805089031009103,315.20934617063944,66.05785069089309,5111.2124,5013.0,5220.7354,0.151,0.0437,0.4091,0.0897,0.0197,0.2001,0.9657567,0.92566156,1.0039687,0.57349,0.5140048,0.6329752,1276.57030760351,1224.50897719273,1333.16231507696,1173.59924957059,1,1,9717386,2MASS J19385046+4627115,294.71027,46.45322,15.982,5778,156,-208,PHO1,4.531,0.036,-0.192,KIC0,0.07,0.25,-0.3,KIC0,0.911,0.258,-0.086,1.028,0.102,-0.136,DSEP,0,0,0,14.711,14.338,14.311,none,0.017471048460712086,4144.0,9717386,19 38 50.46,+46 27 11.6,16.56,15.94,16.4,1.47,3,CSM,Simbad,294.71025,46.45322222222222
52,2080095615429775360,Gaia DR2 2080095615429775360,2015.5,294.9605921127256,0.019931401650355424,46.449728824600854,0.02361815377633081,0.8600910164447843,0.023619724154975756,36.4141,-3.5027487708058915,0.04543252582638689,-8.753418114947777,0.05307482365909261,0.047602594,-0.03601121,-0.13727663,-0.047675505,0.14661303,-0.058333762,-0.19245577,-0.028906979,0.11416956,0.18788666,261.39038,0.0,0.0,False,False,13976.662487628571,9.514537283807723,15.324857,7201.5905521828245,27.149414479453085,15.707817,9782.1566199205,17.042388373680726,14.785833,0.9219837,0.38296032,0.5390234,0.0,,NOT_AVAILABLE,79.47166085107989,11.650137201259072,315.5926607937467,65.98376404500237,5447.0,5336.0,5578.6665,0.1062,0.051,0.1861,0.0547,0.0262,0.0861,0.98358446,0.93770367,1.0249313,0.7672688,0.712798,0.82173955,1125.58762955373,1096.2100782134,1156.5525863496,1198.55467117715,1,1,9718106,2MASS J19395054+4626592,294.9606,46.44978,15.363,6078,191,-233,PHO1,4.442,0.056,-0.224,KIC0,0.04,0.25,-0.3,KIC0,1.044,0.361,-0.12,1.096,0.147,-0.147,DSEP,0,0,0,14.138,13.846,13.849,none,0.18526722861195108,4265.0,9718106,19 39 50.54,+46 26 59.2,15.87,15.31,10.82,0.49,6,CSM,Simbad,294.96058333333326,46.449777777777776
53,2128126165979845376,Gaia DR2 2128126165979845376,2015.5,294.035839542338,0.013330246905399938,46.51194850705319,0.016490666286360513,0.8712683194166304,0.01655575133882425,52.626324,-3.3779281108466783,0.028846159646435436,-8.967528096135531,0.03095335792386052,0.014439399,0.053897556,-0.1298369,-0.11609732,0.39441517,-0.17030631,-0.16249014,-0.16117598,-0.090544045,0.0027500405,211.55728,0.0,2.5837917664003644e-15,False,False,36671.2547672134,9.56316099307974,14.277552,20510.057685641314,29.928169717084508,14.571471,23681.735426099043,25.634523684025837,13.825886,0.74558544,0.29391956,0.45166588,0.0,,NOT_AVAILABLE,79.23281148541238,12.245749766338493,314.21784451803086,66.30025295793926,6210.0,6030.0,6505.7905,0.2245,0.0963,0.4017,0.1287,0.0412,0.211,1.1831293,1.0779914,1.2548182,1.8755367,1.7724742,1.9785992,1111.15448124859,1090.92863473399,1132.13033809073,1107.11330837423,1,1,9775854,2MASS J19360860+4630432,294.03583,46.512009,14.31,6567,183,-274,KIC0,4.3,0.073,-0.203,KIC0,0.16,0.2,-0.35,KIC0,1.353,0.463,-0.199,1.335,0.193,-0.213,DSEP,0,0,0,13.328,13.102,13.019,none,0.21905409712136006,4513.0,9775854,19 36 08.60,+46 30 43.2,14.66,14.26,4.35,0.13,3,SM ,Simbad,294.0358333333333,46.512
54,2128149358803331840,Gaia DR2 2128149358803331840,2015.5,294.199010843492,0.03420654058705856,46.54589130470047,0.04137652825864712,0.9570228342586881,0.04213764489989563,22.711826,-3.387434541365127,0.07277159104588136,-8.855565066071055,0.07333243199276862,-0.08286317,0.038420685,-0.02899416,-0.18474399,0.40557855,-0.27797166,-0.096479096,-0.26697,-0.10072328,-0.099127196,237.90953,0.04159843610675855,0.10342486033774065,False,False,5990.35913366457,4.473514449797063,16.244734,2707.4282774584126,12.689444679119532,16.769997,4623.4819380967065,15.503416267483736,15.599497,1.1704998,0.52526283,0.64523697,0.0,,NOT_AVAILABLE,79.31550632106153,12.160770219562814,314.5073541503557,66.28591666671258,4969.347,4887.0,5019.825,0.016,0.0053,0.2965,0.008,0.0029,0.1493,0.7229471,0.70848066,0.74751604,0.28714755,0.25858474,0.31571037,1016.20639320087,974.141670830251,1061.99284912517,1119.45102898936,1,1,9776327,2MASS J19364777+4632454,294.19904,46.545971,16.244,5360,197,-164,PHO1,4.38,0.153,-0.187,KIC0,0.26,0.2,-0.25,KIC0,1.017,0.274,-0.16,0.904,0.086,-0.072,DSEP,0,0,0,14.902,14.356,14.378,none,0.29584610270952033,4631.0,9776327,19 36 47.77,+46 32 45.5,16.98,16.17,10.95,0.14,5,CSM,Simbad,294.19904166666663,46.54597222222222
55,2128146472585332096,Gaia DR2 2128146472585332096,2015.5,294.2507923555674,0.016998238603495575,46.54098170111586,0.022925248701192794,0.8707204911864678,0.020637759129395628,42.19065,-3.452864034060585,0.03787210811688903,-8.58760077086989,0.0413561311842995,-0.05123528,0.046815682,-0.021848554,-0.11752342,0.30448514,-0.15151283,-0.32963237,-0.11417834,-0.08371873,-0.106774844,168.07663,0.0,0.0,False,True,21503.820549653432,7.229214569226341,14.857077,11606.631863125198,18.580101931848333,15.189623,14418.40365986143,15.108856802136772,14.364627,0.824996,0.33254623,0.49244976,0.0,,NOT_AVAILABLE,79.32745563158151,12.126768679736454,314.58331625892663,66.2669806244395,5832.393,5788.3335,6087.0,,,,,,,1.0348978,0.950133,1.0507126,1.1165464,1.0453273,1.1877655,1112.04815556022,1086.90598867671,1138.35874706833,1124.43416276181,1,1,9776475,2MASS J19370019+4632277,294.25082,46.541031,14.873,6263,169,-206,PHO1,4.46,0.048,-0.192,KIC0,-0.22,0.25,-0.3,KIC0,1.009,0.285,-0.102,1.068,0.144,-0.144,DSEP,0,0,0,13.826,13.57,13.504,none,0.1902198296032706,4689.0,9776475,19 37 00.20,+46 32 27.7,15.26,14.83,8.85,0.11,2,SM ,Simbad,294.2508333333333,46.54102777777778
56,2128148018773587200,Gaia DR2 2128148018773587200,2015.5,294.2717522652547,0.018357084799026115,46.585495227232194,0.02538969499336631,0.8768888145629681,0.022569756050843978,38.852383,-3.324190498047693,0.04218052845478011,-8.809793631249484,0.05083511006715099,-0.083492264,0.04725912,-0.0198286,-0.16209131,0.16171385,-0.1879673,-0.17507783,-0.13446559,-0.1515305,-0.14179802,180.33633,0.0,1.358041807200995e-15,False,False,16766.742207244013,7.10792988864059,15.127244,8777.802923554918,24.943488111316036,15.492924,11595.620284539442,15.26792646801192,14.601185,0.8917389,0.36567974,0.52605915,0.0,,NOT_AVAILABLE,79.37473730823442,12.13400003314112,314.6610317727375,66.30179635795592,5601.0,5478.027,6106.9775,0.139,0.07,0.265,0.0577,0.0219,0.117,0.9918518,0.8343058,1.0368826,0.8722693,0.81346065,0.9310779,1104.58582359399,1077.50954160823,1133.03168714556,1123.43117019374,1,1,9776546,2MASS J19370522+4635080,294.27179,46.585571,15.114,5970,160,-196,PHO1,4.521,0.044,-0.165,KIC0,-0.18,0.25,-0.35,KIC0,0.908,0.216,-0.092,0.996,0.107,-0.131,DSEP,0,0,0,14.004,13.646,13.541,none,0.288316724594695,4707.0,9776546,19 37 05.23,+46 35 08.1,15.57,15.07,10.33,0.96,4,CSM,Simbad,294.2717916666667,46.58558333333333
57,2128147086760827392,Gaia DR2 2128147086760827392,2015.5,294.40990462857496,0.032581370008763,46.52857299633675,0.04663301106417452,0.9134165750523454,0.0396429657627029,23.041075,-3.4556008657858124,0.07182725662125766,-8.851661807506966,0.08569925346969973,0.20674779,0.10100789,-0.15577196,-0.1463568,0.17845611,-0.17430188,-0.36840746,-0.17190959,-0.02626019,0.16601668,174.2938,0.0,0.0,False,False,6439.480644466996,3.9276259810601872,16.166239,3027.5211708422385,14.721874176253712,16.64867,4920.751884745697,10.696766063848708,15.531841,1.1168289,0.4824314,0.6343975,0.0,,NOT_AVAILABLE,79.36674641437241,12.023529682318081,314.8189593208444,66.21112510647909,4961.0,4590.5464,5108.1636,0.121,0.0186,0.2458,0.072,0.0133,0.1081,0.7887312,0.74393994,0.92116773,0.33949208,0.3058304,0.37315378,1063.11345498471,1019.77547837442,1110.22238356997,1139.82664849969,1,1,9776916,2MASS J19373838+4631429,294.40994,46.528599,16.149,5459,191,-172,KIC0,4.583,0.034,-0.136,KIC0,-0.12,0.3,-0.3,KIC0,0.797,0.163,-0.07,0.893,0.082,-0.11,DSEP,0,0,0,14.781,14.345,14.328,none,0.1282123848305123,4781.0,9776916,19 37 38.38,+46 31 43.0,16.8,16.1,10.74,0.89,2,CSM,Simbad,294.4099166666667,46.52861111111111
58,2128135408749666304,Gaia DR2 2128135408749666304,2015.5,294.4611620992026,0.03463876310126446,46.53504038513207,0.04824516618412971,0.9202210002390333,0.04224907386473144,21.780857,-3.3699028359328143,0.07752575738020105,-8.72869633556066,0.09172813404021601,0.16334435,0.0019666376,-0.13653794,-0.10426313,0.05880836,-0.11549043,-0.35254914,-0.18022497,-0.010887937,0.15071368,170.61162,0.0,0.0,False,False,5716.748370752667,4.1248217863703065,16.295492,2661.2230157098275,23.351385584102044,16.788685,4416.372612991362,9.207034840254678,15.649256,1.1394291,0.49319267,0.6462364,0.0,,NOT_AVAILABLE,79.38898007692922,11.995027954385728,314.90530304174655,66.20264760169485,4922.1665,4841.79,5020.657,0.14,0.016,0.264,0.062,0.0079,0.124,0.7527459,0.7235022,0.7779454,0.2996517,0.26858577,0.33071765,1055.75339251762,1010.30850794137,1105.39395136581,1144.1544524506,1,1,9777063,2MASS J19375067+4632062,294.46115,46.535061,16.315,5391,187,-187,KIC0,4.538,0.054,-0.126,KIC0,-0.04,0.3,-0.3,KIC0,0.83,0.169,-0.073,0.868,0.09,-0.09,DSEP,0,0,0,14.903,14.378,14.411,none,0.08003407703590383,4802.0,9777063,19 37 50.68,+46 32 06.2,17.02,16.27,11.2,0.07,3,CSM,Simbad,294.46116666666666,46.53505555555555
59,2128140425271501824,Gaia DR2 2128140425271501824,2015.5,294.53637900059334,0.01613771537593523,46.54387439971211,0.02059043880599694,0.8945941007854986,0.019494606106155617,45.889313,-3.422839450451183,0.03610489986773018,-8.747204767747139,0.03930897319799138,0.12563804,0.008239773,-0.16307326,-0.09997057,0.21826597,-0.1449714,-0.29369378,-0.19092284,-0.04849458,0.14997253,167.09033,0.0,0.0,False,False,25035.076145744246,11.190078527484939,14.691994,13664.6931644104,20.682447712252227,15.012388,16546.85316735626,16.849679386832694,14.215132,0.79725647,0.32039452,0.47686195,0.0,,NOT_AVAILABLE,79.42103091580024,11.952934578793013,315.0312438414338,66.18956559557871,5877.0,5813.6665,6243.625,0.088,0.0257,0.1733,0.046,0.0169,0.0811,1.0691569,0.9472818,1.0925783,1.2285712,1.1552217,1.3019207,1083.23780469227,1060.66245097739,1106.77678790041,1150.59549027597,1,1,9777258,2MASS J19380873+4632381,294.53641,46.54393,14.739,6469,180,-248,KIC0,4.385,0.058,-0.232,KIC0,0.07,0.25,-0.3,KIC0,1.193,0.431,-0.144,1.26,0.184,-0.184,DSEP,0,0,0,13.678,13.409,13.352,none,0.2143736331721686,4855.0,9777258,19 38 08.73,+46 32 38.1,15.12,14.69,8.37,0.15,2,SM ,Simbad,294.53637499999996,46.54391666666667
60,2128140253472804736,Gaia DR2 2128140253472804736,2015.5,294.54153122470376,0.02262619572560758,46.52366050112963,0.02950770481172816,0.7383886769373595,0.028214109029574247,26.170902,-3.644924594867631,0.050726953263006504,-8.53054749849079,0.057182113203306885,0.07684028,0.058412533,-0.074559554,-0.037840746,0.20337445,-0.08364762,-0.2641214,-0.22947592,-0.06463638,0.095203325,268.6385,0.057197026037221134,0.330342985171495,False,False,11264.647977242521,8.21415825000001,15.559072,5700.685256347218,29.373466599962995,15.961571,8246.371836939225,24.559959116906647,14.971263,0.9903078,0.4024992,0.5878086,0.0,,NOT_AVAILABLE,79.40427034061435,11.940594214553013,315.0187791189716,66.16967032955941,5276.42,5060.893,5377.0,0.3365,0.1885,0.4748,0.158,0.091,0.2336,1.1081322,1.0670633,1.2045255,0.8575023,0.7767765,0.9382281,1304.65311974353,1257.97760764453,1354.85478809732,1152.47241581964,1,1,9777281,2MASS J19380997+4631254,294.54156,46.523685,15.847,5940,195,-195,PHO54,3.936,0.495,-0.165,PHO54,-0.42,0.3,-0.25,PHO54,1.776,0.459,-0.853,0.991,0.139,-0.154,DSEP,0,0,0,14.277,13.954,13.86,none,0.1133968173400862,4867.0,9777281,19 38 09.97,+46 31 25.3,16.46,15.81,11.01,0.43,4,CM ,Simbad,294.5415416666666,46.523694444444445
61,2128138054449629824,Gaia DR2 2128138054449629824,2015.5,294.735557619518,0.019383382655520132,46.52997859389939,0.022349002593982214,0.8352745997407056,0.02339515821311992,35.702885,-3.420521683256724,0.043771050377701064,-8.634081377044796,0.043699709436829576,0.106594056,0.03564671,-0.056137223,-0.013213051,0.27117229,-0.071793154,-0.21716315,-0.24436204,-0.13221592,0.1203681,183.59676,0.0,0.0,False,True,14600.809690194204,6.962441653188062,15.277423,7542.747725853435,21.565353258951337,15.657564,10158.601041820204,16.173345206458496,14.744835,0.91272926,0.38014126,0.532588,0.0,,NOT_AVAILABLE,79.4721324808592,11.8246188221237,315.3262444749204,66.1206948060536,5460.0,5434.3335,5487.43,0.205,0.1376,0.257,0.102,0.0729,0.1181,1.0295155,1.0192486,1.0392632,0.8486547,0.78703856,0.9102708,1157.89792109184,1127.12109525591,1190.36996247344,1170.55902246981,1,1,9777828,2MASS J19385654+4631480,294.7356,46.530022,15.329,5880,146,-190,PHO1,4.518,0.05,-0.15,KIC0,-0.06,0.25,-0.3,KIC0,0.917,0.202,-0.087,1.01,0.104,-0.127,DSEP,0,0,0,14.186,13.827,13.697,none,0.18824257217023138,4976.0,9777828,19 38 56.54,+46 31 48.1,15.8,15.26,11.12,0.16,6,CSM,Simbad,294.7355833333333,46.530027777777775
62,2080475084380577152,Gaia DR2 2080475084380577152,2015.5,294.8796025421972,0.015943418572894486,46.54372556456723,0.017817185678486613,0.8441710634082018,0.01845102025599848,45.752,-3.3649707751879103,0.03575901435938291,-8.715110484202018,0.03538834932020988,-0.031640477,-0.03906825,-0.13473684,-0.020272084,0.11933656,-0.054590326,-0.3517412,-0.2775324,-0.028518582,-0.027448134,182.64323,0.0,0.0,False,False,22776.857535480347,8.425283329491696,14.794631,12414.748589650553,28.511725482865415,15.116544,15154.658899848711,25.370940332009827,14.3105545,0.80598927,0.32191277,0.4840765,0.0,,NOT_AVAILABLE,79.53088343967495,11.74276872508174,315.5631325013944,66.09239164097981,5765.3633,5491.125,5857.0,0.1505,0.0859,0.2071,0.077,0.0415,0.1031,1.1264987,1.0915248,1.2418278,1.263173,1.1861773,1.3401687,1145.77916343831,1121.87464522527,1170.70518142618,1183.58917147039,1,1,9778187,2MASS J19393111+4632375,294.87961,46.54377,14.808,6404,151,-207,PHO1,4.431,0.065,-0.195,KIC0,-0.24,0.25,-0.3,KIC0,1.06,0.319,-0.128,1.104,0.143,-0.143,DSEP,0,0,0,13.801,13.547,13.44,none,0.16102986547893158,5057.0,9778187,19 39 31.11,+46 32 37.6,15.18,14.77,9.04,0.17,3,CSM,Simbad,294.8796249999999,46.54377777777778
63,2128198836827103616,Gaia DR2 2128198836827103616,2015.5,293.9815377862497,0.02163784386628799,46.687727964165305,0.023614058363579406,0.8029882575979856,0.02555825419182819,31.417961,-3.4427562440779553,0.049436775419572636,-8.783984945464972,0.04546254757121789,-0.009410766,0.015609731,0.019697387,-0.090510994,0.36469924,-0.16759154,-0.100987755,-0.21013176,-0.06936377,0.025566645,222.04105,0.0,0.0,False,False,16458.819694722562,10.692639087725386,15.147369,8585.693407244675,27.55551964704654,15.51695,11427.318209500614,22.90290010216526,14.617059,0.8998909,0.36958027,0.53031063,0.0,,NOT_AVAILABLE,79.37646747273679,12.35795606500951,314.3099692562976,66.47611912798843,5587.187,5399.6,5722.0,0.215,0.1562,0.4265,0.1095,0.0693,0.1781,1.0790985,1.0288494,1.1553786,1.0223267,0.94004226,1.1046112,1202.96032113903,1166.80093184635,1241.38800380483,1091.60641555395,1,1,9836149,2MASS J19355557+4641158,293.98157,46.687752,15.2,5964,107,-131,SPE47,4.484,0.04,-0.12,SPE47,-0.22,0.15,-0.15,SPE47,0.933,0.136,-0.063,0.968,0.055,-0.076,DSEP,1,1,1,14.021,13.689,13.621,conf,0.11754063346003595,5308.0,9836149,19 35 55.57,+46 41 15.9,15.66,15.13,10.29,0.27,4,CSM,Simbad,293.9815416666666,46.687749999999994
64,2128148568529429120,Gaia DR2 2128148568529429120,2015.5,294.2869218235851,0.03289412255561428,46.63750936946893,0.04524736986563574,0.7803169747176417,0.04111673485273346,18.978086,-3.2562995002322546,0.07196384853270786,-8.67556620177038,0.08134021741780068,-0.003256721,0.12786964,-0.16823788,-0.0990455,0.29955012,-0.18447024,-0.28569716,-0.22017376,0.0075688236,0.013019812,202.05159,0.0,0.0,False,False,6013.254880403848,3.5909401549269107,16.240591,2790.498637161367,12.62437582487616,16.737185,4585.03992634511,8.873027121368322,15.608562,1.128622,0.49659348,0.6320286,0.0,,NOT_AVAILABLE,79.42702422169644,12.148180016719442,314.7374870373299,66.34505631105586,4963.195,4920.5547,5076.0,,,,,,,0.8911767,0.85200715,0.906689,0.43417785,0.382265,0.4860907,1238.47940712984,1177.06277293955,1306.51914117442,1121.42450627363,1,1,9836986,2MASS J19370887+4638152,294.28696,46.637562,16.236,5367,191,-191,KIC0,4.609,0.035,-0.105,KIC0,-0.26,0.3,-0.3,KIC0,0.747,0.122,-0.066,0.837,0.078,-0.096,DSEP,0,0,0,14.919,14.425,14.234,none,0.21166838678531544,5475.0,9836986,19 37 08.87,+46 38 15.2,16.87,16.18,10.82,0.25,2,CSM,Simbad,294.2869583333333,46.63755555555556
65,2128148671608654720,Gaia DR2 2128148671608654720,2015.5,294.2934138792918,0.029421355019004915,46.65533256837461,0.04005923460366282,0.8513388226728312,0.03546215111951578,24.006971,-3.4070747206594354,0.06766195052472347,-8.682025586945993,0.0728307921405127,-0.040800884,0.09649905,-0.0108984085,-0.11504063,0.205577,-0.16294633,-0.31559536,-0.08493186,-0.033431366,-0.039900716,201.04909,0.0,0.0,False,False,6459.4936721781905,3.7021442056573384,16.16287,3046.8334382437083,11.728844638600659,16.641766,4887.19184338832,11.013075718232548,15.539271,1.1024942,0.4788952,0.62359905,0.0,,NOT_AVAILABLE,79.44535059094561,12.152248424326276,314.7657580655199,66.35951097074222,4978.5,4933.6523,5022.0,0.033,0.008,0.292,0.0127,0.0039,0.1431,0.8399562,0.825468,0.85529625,0.3904829,0.3524854,0.42848042,1137.74755674273,1093.27560139506,1185.91628412278,1120.85508255265,1,1,9837012,2MASS J19371041+4639193,294.29343,46.655361,16.157,5579,183,-200,KIC0,4.58,0.036,-0.144,KIC0,-0.22,0.3,-0.3,KIC0,0.798,0.173,-0.074,0.892,0.08,-0.11,DSEP,0,0,0,14.757,14.335,14.445,none,0.10983197852759326,5479.0,9837012,19 37 10.42,+46 39 19.3,16.75,16.1,10.37,0.31,4,CSM,Simbad,294.29341666666664,46.65536111111111
66,2128139600637881472,Gaia DR2 2128139600637881472,2015.5,294.7300655771448,0.022945054939355662,46.621838371913505,0.02689193506509982,0.8654615057325655,0.02788909796634436,31.032251,-3.347782310829018,0.05110358744866746,-8.748302493375679,0.0505638548665833,0.10347108,0.0951171,-0.0931349,-0.007128713,0.31425428,-0.06378604,-0.19252169,-0.20429252,-0.083469875,0.12063637,187.67241,0.0,0.0,False,False,11099.271463111003,6.669271473814037,15.5751295,5591.9331880651835,16.299783635088858,15.982483,7907.5605992818155,19.05411894776558,15.016813,0.96566963,0.4073534,0.55831623,0.0,,NOT_AVAILABLE,79.55389847294992,11.869880187461652,315.4113372963284,66.20595849379126,5371.0,5358.75,5400.25,0.0732,0.0107,0.2555,0.0407,0.0107,0.1238,0.8999293,0.8902069,0.90404844,0.60720044,0.55885017,0.6555507,1119.12174955305,1084.98394165008,1155.43508215476,1163.53021447597,1,1,9838215,2MASS J19385521+4637187,294.73007,46.621891,15.58,5776,138,-172,PHO1,4.554,0.038,-0.152,KIC0,-0.18,0.3,-0.3,KIC0,0.849,0.19,-0.081,0.939,0.102,-0.102,DSEP,0,0,0,14.349,13.994,13.876,none,0.18977644668566113,5730.0,9838215,19 38 55.22,+46 37 18.8,16.09,15.53,11.77,0.25,4,CSM,Simbad,294.73008333333325,46.62188888888889
67,2128158910811242496,Gaia DR2 2128158910811242496,2015.5,294.18768521353263,0.04824731135739629,46.74935258847252,0.062093604012856206,0.9998022798473605,0.059156567539396916,16.900951,-3.179980867744051,0.10288709197645507,-8.821183055464,0.11850900901183946,-0.02948247,0.26110387,-0.029384287,-0.18384406,0.2326237,-0.20972492,-0.16212082,-0.11128115,-0.09964013,-0.04946509,281.17242,0.20117280164069432,1.5516426260120033,False,False,4345.008829157546,3.5296403410131627,16.59339,1913.4421594062933,13.303604592105934,17.14685,3506.520018529277,14.466387406763412,15.899729,1.2471218,0.5534611,0.69366074,0.0,,NOT_AVAILABLE,79.49778411715383,12.259349855110813,314.6962431823064,66.47493907334712,4876.0,4791.9976,5007.5,0.032,0.0199,0.2616,0.016,0.0086,0.1191,0.61902165,0.5869368,0.64091444,0.1951467,0.17033145,0.21996194,975.622288894643,921.109757060714,1036.85328110484,1105.55401704549,1,1,9896609,2MASS J19364504+4644579,294.18771,46.74942,16.606,5024,151,-136,PHO1,4.621,0.03,-0.07,KIC0,-0.16,0.3,-0.3,KIC0,0.718,0.079,-0.058,0.799,0.055,-0.087,DSEP,0,0,0,15.04,14.587,14.507,none,0.2502647896199352,6106.0,9896609,19 36 45.05,+46 44 57.9,17.38,16.55,11.1,0.46,4,CSM,Simbad,294.1877083333333,46.74941666666667
68,2128152760418078592,Gaia DR2 2128152760418078592,2015.5,294.21933020428537,0.020161222585991123,46.723530521132744,0.028455611076568122,0.9236453671203617,0.025111392004601277,36.781925,-3.464362555544282,0.04480165919080162,-8.792349050748921,0.04913893154208343,-0.07126799,0.04859388,-0.2169666,-0.028917627,0.3335178,-0.08886974,-0.41625118,-0.15229163,-0.1328944,-0.07822794,211.32437,0.0,0.0,False,False,15951.63908215734,13.709957020868789,15.181353,8289.482595037482,29.472909145931258,15.55507,11083.804639813452,29.104974303339294,14.650198,0.90487194,0.3737173,0.53115463,0.0,,NOT_AVAILABLE,79.48418258552046,12.228358405061952,314.7194139650047,66.44251218613503,5479.6665,5424.067,5553.0,0.051,0.0317,0.106,0.0223,0.0105,0.0516,0.9651425,0.9398193,0.98503035,0.75664836,0.70437455,0.8089222,1050.47813281833,1023.26920527648,1079.14551392694,1109.93722361748,1,1,9896700,2MASS J19365264+4643249,294.21936,46.723598,15.188,5889,142,-177,PHO1,4.547,0.042,-0.168,KIC0,-0.24,0.3,-0.3,KIC0,0.861,0.204,-0.073,0.952,0.109,-0.109,DSEP,0,0,0,14.038,13.748,13.709,none,0.25380892877897687,6123.0,9896700,19 36 52.65,+46 43 24.9,15.65,15.13,10.27,0.37,6,CSM,Simbad,294.21937499999996,46.72358333333334
69,2128158601573673728,Gaia DR2 2128158601573673728,2015.5,294.28046227503853,0.08901751880909453,46.813132171483275,0.1160646536530551,0.9241558204746076,0.10768891421218395,8.5817175,-3.383715339023058,0.2020666949149161,-9.110924858744196,0.22945144838426168,-0.10524965,0.0010467093,-0.1333714,-0.0041111466,0.19994515,-0.056853756,-0.36916327,-0.14175612,0.0030368466,-0.033025265,2506.116,0.9660101507453129,102.58230758625797,False,False,12876.828621317189,18.473419079501248,15.413843,6658.611067249236,23.178997601288206,15.792929,9526.643116284127,19.874736593409377,14.81457,0.97835827,0.37908554,0.5992727,0.0,,NOT_AVAILABLE,79.5853355569049,12.231353920978183,314.9070082501698,66.50712607776741,5250.0,5161.8047,5349.0,0.146,0.0252,0.309,0.077,0.0134,0.1505,0.9580487,0.9229135,0.9910671,0.6282132,0.47809726,0.7783292,1063.47958107942,948.363803775644,1209.5648765538,1109.65490253375,1,1,9957187,2MASS J19370731+4648474,294.28046,46.813179,15.424,5838,157,-175,PHO1,4.529,0.036,-0.204,KIC0,-0.08,0.3,-0.3,KIC0,0.897,0.26,-0.087,0.992,0.116,-0.127,DSEP,0,0,0,14.164,13.845,13.764,none,0.1686758168566106,6606.0,9957187,19 37 07.31,+46 48 47.4,15.95,15.36,11.29,0.26,3,CSM,Simbad,294.28045833333334,46.81316666666666
